institute,date,month,year,SIS,SPD,GRÃœNE,FDP,LINKE,AfD,Sonstige,state,method
Infratestdimap,2022-04-21,4,2022,26.0,15.0,28.0,11.0,3.0,9.0,8.0,baden-wuerttemberg,TOM
INSA,2022-04-06,4,2022,23.0,19.0,25.0,11.0,3.0,10.0,9.0,baden-wuerttemberg,O
Infratestdimap,2022-03-10,3,2022,24.0,18.0,27.0,13.0,3.0,9.0,6.0,baden-wuerttemberg,TOM
Infratestdimap,2022-01-20,1,2022,23.0,16.0,26.0,12.0,4.0,11.0,8.0,baden-wuerttemberg,TOM
INSA,2021-10-12,10,2021,20.0,21.0,24.0,16.0,3.0,9.0,7.0,baden-wuerttemberg,O
INSA,2021-03-12,3,2021,23.0,11.0,32.0,11.0,4.0,13.0,6.0,baden-wuerttemberg,TOM
FCW,2021-03-11,3,2021,24.0,10.0,34.0,11.0,3.0,11.0,7.0,baden-wuerttemberg,T
FCW,2021-03-05,3,2021,24.0,10.0,35.0,10.0,3.0,11.0,7.0,baden-wuerttemberg,T
Infratestdimap,2021-03-04,3,2021,25.0,10.0,33.0,10.0,4.0,12.0,6.0,baden-wuerttemberg,TOM
FCW,2021-02-05,2,2021,28.0,10.0,34.0,9.0,3.0,11.0,5.0,baden-wuerttemberg,T
Infratestdimap,2021-02-04,2,2021,27.0,11.0,34.0,9.0,3.0,10.0,6.0,baden-wuerttemberg,T
INSA,2021-01-13,1,2021,30.0,12.0,30.0,8.0,4.0,12.0,4.0,baden-wuerttemberg,O
Infratestdimap,2020-12-17,12,2020,30.0,10.0,35.0,7.0,3.0,11.0,4.0,baden-wuerttemberg,T
INSA,2020-11-19,11,2020,31.0,11.0,29.0,7.0,5.0,12.0,5.0,baden-wuerttemberg,O
Infratestdimap,2020-10-15,10,2020,29.0,11.0,34.0,6.0,4.0,11.0,5.0,baden-wuerttemberg,T
INSA,2020-09-10,9,2020,31.0,12.0,28.0,7.0,5.0,12.0,5.0,baden-wuerttemberg,O
Infratestdimap,2020-04-30,4,2020,30.0,11.0,34.0,6.0,3.0,12.0,4.0,baden-wuerttemberg,T
INSA,2020-04-22,4,2020,31.0,13.0,29.0,7.0,4.0,11.0,5.0,baden-wuerttemberg,TOM
Infratestdimap,2020-03-12,3,2020,23.0,11.0,36.0,7.0,5.0,14.0,4.0,baden-wuerttemberg,T
INSA,2019-10-30,10,2019,27.0,11.0,30.0,9.0,4.0,13.0,6.0,baden-wuerttemberg,O
Infratestdimap,2019-09-19,9,2019,26.0,8.0,38.0,8.0,3.0,12.0,5.0,baden-wuerttemberg,T
Infratestdimap,2019-03-28,3,2019,28.0,12.0,32.0,9.0,4.0,11.0,4.0,baden-wuerttemberg,T
INSA,2019-02-15,2,2019,27.0,13.0,29.0,9.0,5.0,12.0,5.0,baden-wuerttemberg,TOM
Forsa,2019-02-04,2,2019,23.0,9.0,33.0,9.0,6.0,13.0,7.0,baden-wuerttemberg,T
Infratestdimap,2018-09-12,9,2018,28.0,11.0,29.0,7.0,7.0,15.0,3.0,baden-wuerttemberg,T
INSA,2018-09-12,9,2018,25.0,12.0,27.0,9.0,5.0,18.0,4.0,baden-wuerttemberg,TOM
Forsa,2018-02-25,2,2018,27.0,12.0,32.0,9.0,4.0,12.0,4.0,baden-wuerttemberg,T
Infratestdimap,2018-01-31,1,2018,29.0,12.0,29.0,8.0,6.0,12.0,4.0,baden-wuerttemberg,T
Infratestdimap,2017-03-09,3,2017,28.0,20.0,27.0,7.0,4.0,11.0,3.0,baden-wuerttemberg,T
Infratestdimap,2016-09-15,9,2016,26.0,13.0,31.0,7.0,3.0,17.0,3.0,baden-wuerttemberg,T
FCW,2016-03-10,3,2016,29.0,14.0,32.0,6.0,4.0,11.0,4.0,baden-wuerttemberg,T
YouGov,2016-03-10,3,2016,30.0,12.0,32.0,8.0,4.0,11.0,3.0,baden-wuerttemberg,O
Forsa,2016-03-09,3,2016,27.0,16.0,32.0,7.0,3.0,11.0,4.0,baden-wuerttemberg,T
INSA,2016-03-07,3,2016,28.5,12.5,33.5,6.0,3.0,12.5,4.0,baden-wuerttemberg,T
FCW,2016-03-04,3,2016,30.0,13.0,32.0,7.0,4.0,11.0,3.0,baden-wuerttemberg,T
Infratestdimap,2016-03-03,3,2016,28.0,13.0,32.0,8.0,4.0,13.0,2.0,baden-wuerttemberg,T
INSA,2016-02-28,2,2016,30.0,16.5,30.5,6.5,3.5,9.0,4.0,baden-wuerttemberg,T
Forsa,2016-02-26,2,2016,30.0,16.0,30.0,6.0,3.0,11.0,4.0,baden-wuerttemberg,T
INSA,2016-02-22,2,2016,30.0,16.0,30.5,7.0,3.0,10.0,3.5,baden-wuerttemberg,T
Infratestdimap,2016-02-18,2,2016,31.0,14.0,28.0,8.0,4.0,12.0,3.0,baden-wuerttemberg,T
INSA,2016-02-05,2,2016,33.5,13.5,28.5,7.0,3.5,10.0,4.0,baden-wuerttemberg,T
FCW,2016-01-21,1,2016,34.0,15.0,28.0,6.0,3.0,11.0,3.0,baden-wuerttemberg,T
INSA,2016-01-20,1,2016,35.0,13.0,29.0,6.5,2.5,11.5,2.5,baden-wuerttemberg,T
Infratestdimap,2016-01-14,1,2016,35.0,15.0,28.0,6.0,3.0,10.0,3.0,baden-wuerttemberg,T
Forsa,2015-12-15,12,2015,35.0,19.0,28.0,5.0,3.0,7.0,3.0,baden-wuerttemberg,T
Infratestdimap,2015-12-03,12,2015,37.0,18.0,25.0,5.0,4.0,8.0,3.0,baden-wuerttemberg,T
FCW,2015-11-20,11,2015,37.0,18.0,27.0,5.0,3.0,6.0,4.0,baden-wuerttemberg,T
INSA,2015-10-09,10,2015,40.0,16.0,24.0,5.0,5.0,8.0,2.0,baden-wuerttemberg,T
Infratestdimap,2015-09-24,9,2015,39.0,17.0,26.0,5.0,4.0,5.0,4.0,baden-wuerttemberg,T
Others,2015-09-11,9,2015,40.5,20.0,24.0,4.5,4.0,3.0,4.0,baden-wuerttemberg,F
Forsa,2015-05-12,5,2015,38.0,20.0,26.0,4.0,4.0,4.0,4.0,baden-wuerttemberg,T
Infratestdimap,2015-03-26,3,2015,38.0,18.0,25.0,5.0,5.0,4.0,5.0,baden-wuerttemberg,T
Infratestdimap,2014-11-13,11,2014,41.0,20.0,22.0,3.0,4.0,5.0,5.0,baden-wuerttemberg,T
Infratestdimap,2014-05-13,5,2014,41.0,20.0,21.0,3.0,4.0,6.0,5.0,baden-wuerttemberg,T
Infratestdimap,2013-11-07,11,2013,43.0,19.0,22.0,4.0,4.0,5.0,3.0,baden-wuerttemberg,T
Infratestdimap,2011-08-18,8,2011,36.0,23.0,29.0,4.0,3.0,0.0,5.0,baden-wuerttemberg,T
Forsa,2011-05-04,5,2011,36.0,22.0,30.0,4.0,2.0,0.0,0.0,baden-wuerttemberg,T
Infratestdimap,2022-01-19,1,2022,36.0,14.0,16.0,7.0,0.0,10.0,9.0,bayern,T
INSA,2021-10-12,10,2021,32.0,20.0,15.0,11.0,2.0,8.0,4.0,bayern,O
INSA,2021-07-21,7,2021,37.0,10.0,21.0,8.0,3.0,8.0,3.0,bayern,O
Forsa,2021-05-19,5,2021,38.0,7.0,22.0,6.0,3.0,9.0,6.0,bayern,T
INSA,2021-04-27,4,2021,36.0,9.0,24.0,7.0,3.0,9.0,3.0,bayern,O
INSA,2021-01-28,1,2021,46.0,9.0,18.0,5.0,3.0,7.0,4.0,bayern,O
Infratestdimap,2021-01-13,1,2021,48.0,7.0,19.0,3.0,3.0,7.0,5.0,bayern,T
Infratestdimap,2020-10-07,10,2020,45.0,8.0,21.0,3.0,3.0,8.0,5.0,bayern,T
INSA,2020-08-11,8,2020,47.0,10.0,18.0,3.0,3.0,7.0,5.0,bayern,O
Infratestdimap,2020-07-22,7,2020,49.0,7.0,20.0,3.0,3.0,7.0,6.0,bayern,T
INSA,2020-05-30,5,2020,46.0,10.0,17.0,4.0,3.0,7.0,5.0,bayern,TOM
Infratestdimap,2020-05-27,5,2020,48.0,9.0,19.0,3.0,3.0,5.0,5.0,bayern,T
Infratestdimap,2020-04-08,4,2020,49.0,10.0,17.0,0.0,3.0,6.0,7.0,bayern,T
Infratestdimap,2020-01-15,1,2020,36.0,7.0,25.0,4.0,3.0,10.0,5.0,bayern,T
INSA,2019-09-25,9,2019,36.0,9.0,22.0,5.0,3.0,11.0,4.0,bayern,TOM
Forsa,2019-01-28,1,2019,38.0,6.0,23.0,5.0,3.0,8.0,5.0,bayern,T
Infratestdimap,2019-01-09,1,2019,35.0,9.0,21.0,6.0,3.0,8.0,5.0,bayern,T
GMS,2019-01-03,1,2019,38.0,9.0,18.0,5.0,4.0,10.0,5.0,bayern,T
FCW,2018-10-11,10,2018,34.0,12.0,19.0,5.5,4.0,10.0,5.5,bayern,T
INSA,2018-10-09,10,2018,33.0,10.0,18.0,5.5,4.5,14.0,4.0,bayern,TOM
FCW,2018-10-05,10,2018,35.0,12.0,18.0,5.5,4.5,10.0,5.0,bayern,T
Infratestdimap,2018-10-04,10,2018,33.0,11.0,18.0,6.0,4.5,10.0,6.5,bayern,T
GMS,2018-09-27,9,2018,35.0,13.0,16.0,5.0,4.0,12.0,5.0,bayern,T
INSA,2018-09-26,9,2018,34.0,11.0,17.0,6.0,4.0,14.0,4.0,bayern,TOM
FCW,2018-09-21,9,2018,35.0,13.0,18.0,5.0,4.0,10.0,4.0,bayern,T
Infratestdimap,2018-09-12,9,2018,35.0,11.0,17.0,5.0,5.0,11.0,5.0,bayern,T
GMS,2018-09-10,9,2018,36.0,12.0,16.0,6.0,4.0,14.0,5.0,bayern,T
INSA,2018-08-28,8,2018,36.0,13.0,15.0,6.0,3.0,14.0,5.0,bayern,TOM
Forsa,2018-08-13,8,2018,37.0,12.0,17.0,5.0,4.0,13.0,4.0,bayern,T
GMS,2018-08-01,8,2018,39.0,12.0,14.0,6.0,3.0,13.0,5.0,bayern,T
Infratestdimap,2018-07-18,7,2018,38.0,13.0,16.0,5.0,4.0,12.0,3.0,bayern,T
GMS,2018-07-12,7,2018,39.0,12.0,14.0,6.0,3.0,14.0,5.0,bayern,T
Forsa,2018-07-09,7,2018,38.0,12.0,15.0,6.0,3.0,14.0,4.0,bayern,T
INSA,2018-06-27,6,2018,41.0,13.0,13.0,5.0,3.0,14.0,5.0,bayern,TOM
Forsa,2018-06-25,6,2018,40.0,13.0,14.0,5.0,3.0,13.0,4.0,bayern,T
GMS,2018-05-17,5,2018,42.0,13.0,12.0,5.0,2.0,13.0,6.0,bayern,T
Infratestdimap,2018-05-02,5,2018,41.0,12.0,14.0,6.0,3.0,12.0,5.0,bayern,T
GMS,2018-04-27,4,2018,44.0,14.0,11.0,5.0,3.0,12.0,5.0,bayern,T
INSA,2018-04-21,4,2018,42.0,13.0,13.0,7.0,3.0,13.0,3.0,bayern,O
GMS,2018-03-22,3,2018,43.0,15.0,11.0,6.0,3.0,12.0,4.0,bayern,T
Forsa,2018-02-25,2,2018,42.0,14.0,14.0,6.0,3.0,10.0,4.0,bayern,T
GMS,2018-02-12,2,2018,40.0,15.0,11.0,6.0,3.0,12.0,7.0,bayern,T
Infratestdimap,2018-01-10,1,2018,40.0,16.0,14.0,5.0,3.0,10.0,5.0,bayern,T
GMS,2018-01-02,1,2018,39.0,15.0,10.0,7.0,3.0,12.0,7.0,bayern,T
INSA,2017-12-13,12,2017,40.0,15.0,12.0,7.0,4.0,12.0,3.0,bayern,TOM
GMS,2017-11-30,11,2017,37.0,15.0,10.0,8.0,3.0,14.0,6.0,bayern,T
Forsa,2017-11-10,11,2017,38.0,17.0,11.0,9.0,4.0,11.0,3.0,bayern,T
INSA,2017-11-05,11,2017,37.0,17.0,10.0,8.0,4.0,13.0,3.0,bayern,TOM
GMS,2017-10-19,10,2017,41.0,15.0,11.0,7.0,3.0,13.0,4.0,bayern,T
Infratestdimap,2017-01-11,1,2017,45.0,14.0,13.0,4.0,3.0,10.0,4.0,bayern,T
GMS,2016-11-03,11,2016,44.0,18.0,10.0,6.0,2.0,9.0,5.0,bayern,T
GMS,2016-10-13,10,2016,45.0,19.0,10.0,5.0,2.0,9.0,4.0,bayern,T
GMS,2016-09-15,9,2016,45.0,18.0,12.0,5.0,2.0,9.0,4.0,bayern,T
Forsa,2016-07-20,7,2016,43.0,16.0,14.0,4.0,3.0,8.0,6.0,bayern,T
Infratestdimap,2016-07-17,7,2016,45.0,17.0,13.0,4.0,0.0,9.0,7.0,bayern,T
GMS,2016-07-14,7,2016,47.0,17.0,11.0,5.0,2.0,7.0,5.0,bayern,T
INSA,2016-06-14,6,2016,47.5,17.5,11.5,3.5,3.5,7.0,5.0,bayern,T
Forsa,2016-06-08,6,2016,40.0,16.0,14.0,4.0,3.0,10.0,7.0,bayern,T
GMS,2016-06-02,6,2016,48.0,17.0,10.0,5.0,2.0,8.0,4.0,bayern,T
GMS,2016-04-21,4,2016,48.0,16.0,10.0,5.0,2.0,9.0,4.0,bayern,T
GMS,2016-03-17,3,2016,48.0,16.0,11.0,5.0,2.0,9.0,4.0,bayern,T
GMS,2016-02-18,2,2016,46.0,17.0,11.0,4.0,2.0,9.0,6.0,bayern,T
Infratestdimap,2016-01-13,1,2016,47.0,16.0,12.0,3.0,3.0,8.0,6.0,bayern,T
GMS,2016-01-04,1,2016,45.0,19.0,10.0,4.0,3.0,7.0,6.0,bayern,T
GMS,2015-11-19,11,2015,46.0,18.0,11.0,4.0,3.0,8.0,5.0,bayern,T
GMS,2015-10-08,10,2015,46.0,18.0,12.0,6.0,0.0,5.0,7.0,bayern,T
Forsa,2015-10-07,10,2015,43.0,19.0,11.0,4.0,3.0,6.0,9.0,bayern,T
GMS,2015-09-17,9,2015,49.0,20.0,10.0,5.0,0.0,2.0,8.0,bayern,T
GMS,2015-07-23,7,2015,47.0,20.0,10.0,5.0,0.0,2.0,10.0,bayern,T
GMS,2015-06-25,6,2015,48.0,19.0,9.0,5.0,2.0,4.0,6.0,bayern,T
INSA,2015-06-19,6,2015,46.0,20.0,8.0,4.0,3.0,4.0,7.0,bayern,O
GMS,2015-05-15,5,2015,48.0,18.0,10.0,4.0,0.0,5.0,8.0,bayern,T
GMS,2015-04-16,4,2015,48.0,19.0,10.0,4.0,2.0,4.0,6.0,bayern,T
Forsa,2015-04-08,4,2015,47.0,19.0,11.0,3.0,2.0,4.0,7.0,bayern,T
Infratestdimap,2015-01-14,1,2015,46.0,19.0,9.0,3.0,3.0,4.0,6.0,bayern,T
GMS,2014-12-03,12,2014,49.0,18.0,9.0,2.0,2.0,5.0,0.0,bayern,T
Others,2014-11-13,11,2014,48.0,18.0,9.0,2.0,2.0,5.0,7.0,bayern,T
Infratestdimap,2014-03-16,3,2014,46.0,18.0,11.0,0.0,0.0,0.0,13.0,bayern,T
Infratestdimap,2014-01-15,1,2014,49.0,19.0,10.0,4.0,2.0,0.0,7.0,bayern,T
Infratestdimap,2022-03-23,3,2022,20.0,20.0,21.0,8.0,12.0,8.0,11.0,berlin,TOM
INSA,2021-12-14,12,2021,19.0,22.0,20.0,7.0,15.0,9.0,8.0,berlin,O
FCW,2021-09-23,9,2021,17.0,22.0,19.0,7.0,13.0,9.0,13.0,berlin,T
FCW,2021-09-17,9,2021,17.0,21.0,20.0,8.0,12.0,9.0,13.0,berlin,T
Infratestdimap,2021-08-25,8,2021,19.0,23.0,17.0,8.0,12.0,11.0,10.0,berlin,TOM
Forsa,2021-08-13,8,2021,17.0,21.0,21.0,7.0,14.0,10.0,10.0,berlin,T
Infratestdimap,2021-06-16,6,2021,21.0,17.0,22.0,9.0,12.0,10.0,9.0,berlin,TOM
Infratestdimap,2021-04-28,4,2021,18.0,17.0,27.0,7.0,14.0,9.0,8.0,berlin,TOM
INSA,2021-04-23,4,2021,16.0,19.0,25.0,10.0,14.0,12.0,4.0,berlin,O
Infratestdimap,2021-02-24,2,2021,22.0,18.0,23.0,6.0,15.0,9.0,7.0,berlin,T
INSA,2020-12-18,12,2020,22.0,18.0,18.0,7.0,16.0,12.0,7.0,berlin,O
INSA,2020-10-12,10,2020,21.0,18.0,20.0,6.0,16.0,12.0,7.0,berlin,O
Infratestdimap,2020-09-23,9,2020,22.0,15.0,26.0,6.0,15.0,10.0,6.0,berlin,T
INSA,2020-07-15,7,2020,21.0,16.0,19.0,5.0,18.0,12.0,9.0,berlin,O
Infratestdimap,2020-04-29,4,2020,23.0,20.0,21.0,5.0,14.0,10.0,7.0,berlin,T
Forsa,2020-02-11,2,2020,16.0,15.0,25.0,6.0,17.0,11.0,10.0,berlin,T
INSA,2020-01-02,1,2020,18.0,15.0,23.0,7.0,19.0,13.0,5.0,berlin,O
Forsa,2019-12-26,12,2019,17.0,15.0,22.0,6.0,19.0,11.0,10.0,berlin,T
Forsa,2019-12-03,12,2019,17.0,16.0,24.0,5.0,17.0,11.0,10.0,berlin,T
Infratestdimap,2019-11-20,11,2019,18.0,16.0,23.0,5.0,17.0,14.0,7.0,berlin,T
Forsa,2019-11-06,11,2019,18.0,15.0,25.0,5.0,16.0,11.0,10.0,berlin,T
Forsa,2019-10-02,10,2019,17.0,16.0,24.0,6.0,16.0,11.0,10.0,berlin,T
INSA,2019-09-18,9,2019,17.0,15.0,24.0,6.0,18.0,14.0,6.0,berlin,O
Forsa,2019-08-31,8,2019,16.0,16.0,24.0,6.0,17.0,11.0,10.0,berlin,T
Forsa,2019-07-29,7,2019,17.0,16.0,25.0,5.0,18.0,10.0,9.0,berlin,T
Forsa,2019-07-01,7,2019,17.0,15.0,25.0,7.0,17.0,10.0,9.0,berlin,T
Forsa,2019-06-03,6,2019,15.0,16.0,26.0,7.0,17.0,11.0,8.0,berlin,T
Infratestdimap,2019-05-08,5,2019,17.0,15.0,23.0,6.0,19.0,10.0,10.0,berlin,T
Forsa,2019-04-26,4,2019,17.0,16.0,25.0,7.0,18.0,11.0,6.0,berlin,T
INSA,2019-04-09,4,2019,19.0,16.0,19.0,9.0,19.0,12.0,6.0,berlin,O
Forsa,2019-04-04,4,2019,18.0,15.0,25.0,8.0,18.0,10.0,6.0,berlin,T
Forsa,2019-03-05,3,2019,20.0,17.0,22.0,7.0,18.0,11.0,5.0,berlin,T
Forsa,2019-02-05,2,2019,19.0,16.0,21.0,8.0,20.0,11.0,5.0,berlin,T
Forsa,2019-01-01,1,2019,17.0,15.0,23.0,7.0,18.0,13.0,7.0,berlin,T
INSA,2018-12-18,12,2018,18.0,16.0,21.0,8.0,16.0,14.0,7.0,berlin,TOM
Forsa,2018-12-06,12,2018,18.0,15.0,23.0,7.0,18.0,13.0,6.0,berlin,T
Infratestdimap,2018-11-21,11,2018,18.0,15.0,24.0,6.0,18.0,13.0,6.0,berlin,T
INSA,2018-11-07,11,2018,16.0,16.0,22.0,7.0,17.0,15.0,7.0,berlin,TOM
Forsa,2018-10-26,10,2018,16.0,15.0,22.0,8.0,19.0,13.0,7.0,berlin,T
Forsa,2018-10-01,10,2018,17.0,16.0,18.0,7.0,22.0,13.0,7.0,berlin,T
Forsa,2018-09-03,9,2018,19.0,17.0,18.0,6.0,21.0,12.0,7.0,berlin,T
Forsa,2018-07-31,7,2018,19.0,17.0,17.0,7.0,21.0,13.0,6.0,berlin,T
Forsa,2018-07-01,7,2018,18.0,19.0,16.0,8.0,21.0,11.0,7.0,berlin,T
Forsa,2018-06-01,6,2018,19.0,18.0,18.0,7.0,20.0,11.0,7.0,berlin,T
Infratestdimap,2018-05-16,5,2018,21.0,18.0,15.0,6.0,22.0,11.0,7.0,berlin,T
Forsa,2018-05-04,5,2018,19.0,19.0,18.0,7.0,19.0,11.0,7.0,berlin,T
Forsa,2018-04-04,4,2018,20.0,20.0,17.0,7.0,18.0,12.0,6.0,berlin,T
Forsa,2018-02-26,2,2018,19.0,19.0,18.0,6.0,20.0,12.0,6.0,berlin,T
Forsa,2018-01-31,1,2018,19.0,20.0,17.0,7.0,18.0,11.0,8.0,berlin,T
Forsa,2018-01-02,1,2018,20.0,20.0,17.0,6.0,18.0,11.0,8.0,berlin,T
Forsa,2017-11-26,11,2017,21.0,18.0,16.0,8.0,18.0,11.0,8.0,berlin,T
Forsa,2017-11-01,11,2017,20.0,19.0,14.0,9.0,18.0,11.0,9.0,berlin,T
Forsa,2017-10-08,10,2017,19.0,18.0,15.0,9.0,19.0,11.0,9.0,berlin,T
Infratestdimap,2017-09-12,9,2017,23.0,21.0,14.0,7.0,19.0,10.0,6.0,berlin,T
Forsa,2017-09-03,9,2017,21.0,19.0,14.0,11.0,17.0,9.0,9.0,berlin,T
Forsa,2017-08-01,8,2017,22.0,20.0,14.0,9.0,18.0,8.0,9.0,berlin,T
Forsa,2017-07-06,7,2017,22.0,21.0,14.0,9.0,17.0,8.0,9.0,berlin,T
Forsa,2017-05-30,5,2017,23.0,22.0,13.0,8.0,16.0,8.0,10.0,berlin,T
Infratestdimap,2017-05-23,5,2017,24.0,22.0,13.0,8.0,17.0,10.0,6.0,berlin,T
Forsa,2017-05-03,5,2017,20.0,24.0,12.0,8.0,16.0,9.0,11.0,berlin,T
Forsa,2017-04-03,4,2017,20.0,25.0,13.0,7.0,16.0,8.0,11.0,berlin,T
Forsa,2017-02-27,2,2017,17.0,25.0,13.0,8.0,16.0,10.0,11.0,berlin,T
Forsa,2017-01-30,1,2017,20.0,20.0,15.0,8.0,16.0,12.0,9.0,berlin,T
Forsa,2017-01-02,1,2017,20.0,20.0,16.0,7.0,17.0,12.0,8.0,berlin,T
Forsa,2016-11-27,11,2016,20.0,19.0,17.0,7.0,16.0,13.0,8.0,berlin,T
Infratestdimap,2016-11-24,11,2016,19.0,21.0,15.0,7.0,17.0,13.0,8.0,berlin,T
Forsa,2016-10-30,10,2016,18.0,20.0,16.0,7.0,16.0,13.0,10.0,berlin,T
FCW,2016-09-15,9,2016,18.0,23.0,15.0,6.5,14.5,14.0,9.0,berlin,T
Forsa,2016-09-15,9,2016,17.0,24.0,17.0,5.0,15.0,13.0,6.0,berlin,T
INSA,2016-09-12,9,2016,18.0,22.0,18.0,6.0,14.0,14.0,8.0,berlin,T
FCW,2016-09-09,9,2016,19.0,24.0,15.0,5.0,14.0,14.0,9.0,berlin,T
Infratestdimap,2016-09-08,9,2016,19.0,21.0,16.0,5.0,15.0,15.0,9.0,berlin,T
Forsa,2016-08-29,8,2016,17.0,24.0,19.0,5.0,17.0,10.0,8.0,berlin,T
Infratestdimap,2016-08-17,8,2016,20.0,21.0,17.0,5.0,16.0,15.0,6.0,berlin,T
INSA,2016-08-11,8,2016,18.0,23.0,19.0,5.0,15.0,14.0,3.0,berlin,T
Forsa,2016-07-31,7,2016,18.0,26.0,20.0,5.0,16.0,8.0,7.0,berlin,T
Infratestdimap,2016-07-13,7,2016,20.0,21.0,19.0,4.0,18.0,13.0,5.0,berlin,T
INSA,2016-07-07,7,2016,19.0,21.0,19.0,4.0,18.0,14.0,4.0,berlin,T
Forsa,2016-07-04,7,2016,18.0,27.0,19.0,6.0,14.0,8.0,8.0,berlin,T
Infratestdimap,2016-06-15,6,2016,18.0,23.0,19.0,4.0,17.0,15.0,4.0,berlin,T
Forsa,2016-05-27,5,2016,18.0,26.0,20.0,5.0,14.0,8.0,6.0,berlin,T
Infratestdimap,2016-05-11,5,2016,19.0,23.0,18.0,4.0,16.0,15.0,5.0,berlin,T
Forsa,2016-04-29,4,2016,18.0,27.0,20.0,6.0,14.0,7.0,5.0,berlin,T
Infratestdimap,2016-04-13,4,2016,21.0,23.0,17.0,5.0,16.0,13.0,5.0,berlin,T
Forsa,2016-03-29,3,2016,19.0,27.0,18.0,6.0,14.0,9.0,5.0,berlin,T
Forsa,2016-03-02,3,2016,21.0,29.0,17.0,4.0,14.0,7.0,5.0,berlin,T
Infratestdimap,2016-02-25,2,2016,21.0,25.0,19.0,4.0,16.0,10.0,5.0,berlin,T
Forsa,2016-02-02,2,2016,20.0,29.0,18.0,3.0,15.0,7.0,5.0,berlin,T
Forsa,2015-12-21,12,2015,23.0,29.0,17.0,4.0,14.0,5.0,5.0,berlin,T
Forsa,2015-11-30,11,2015,22.0,30.0,18.0,3.0,15.0,4.0,5.0,berlin,T
Infratestdimap,2015-11-20,11,2015,23.0,27.0,17.0,3.0,14.0,9.0,5.0,berlin,T
Forsa,2015-11-02,11,2015,22.0,29.0,16.0,4.0,17.0,3.0,5.0,berlin,T
Forsa,2015-09-30,9,2015,23.0,29.0,18.0,2.0,15.0,3.0,7.0,berlin,T
Forsa,2015-09-01,9,2015,23.0,29.0,18.0,0.0,16.0,2.0,8.0,berlin,T
Forsa,2015-08-05,8,2015,24.0,29.0,17.0,0.0,15.0,3.0,9.0,berlin,T
Forsa,2015-06-29,6,2015,24.0,27.0,17.0,0.0,16.0,4.0,8.0,berlin,T
Forsa,2015-06-05,6,2015,24.0,28.0,16.0,0.0,15.0,4.0,8.0,berlin,T
Forsa,2015-05-04,5,2015,25.0,29.0,16.0,0.0,14.0,4.0,8.0,berlin,T
Forsa,2015-03-30,3,2015,23.0,29.0,17.0,0.0,15.0,4.0,8.0,berlin,T
Infratestdimap,2015-03-25,3,2015,26.0,28.0,18.0,0.0,14.0,5.0,6.0,berlin,T
Forsa,2015-02-28,2,2015,25.0,29.0,18.0,4.0,13.0,4.0,4.0,berlin,T
Forsa,2015-02-02,2,2015,26.0,27.0,18.0,3.0,14.0,5.0,4.0,berlin,T
Forsa,2014-12-04,12,2014,27.0,27.0,19.0,0.0,13.0,4.0,7.0,berlin,T
Forsa,2014-11-01,11,2014,26.0,26.0,19.0,0.0,15.0,5.0,6.0,berlin,T
Infratestdimap,2014-10-22,10,2014,26.0,27.0,17.0,0.0,16.0,7.0,4.0,berlin,T
Forsa,2014-09-22,9,2014,27.0,25.0,18.0,0.0,14.0,7.0,6.0,berlin,T
Forsa,2014-08-30,8,2014,29.0,24.0,19.0,0.0,14.0,4.0,6.0,berlin,T
Forsa,2014-08-04,8,2014,28.0,21.0,21.0,0.0,15.0,4.0,7.0,berlin,T
Forsa,2014-06-30,6,2014,28.0,23.0,19.0,0.0,15.0,4.0,7.0,berlin,T
Forsa,2014-05-30,5,2014,26.0,21.0,19.0,0.0,15.0,6.0,7.0,berlin,T
Infratestdimap,2014-05-14,5,2014,28.0,24.0,16.0,0.0,18.0,4.0,6.0,berlin,T
Forsa,2014-05-05,5,2014,30.0,23.0,16.0,0.0,15.0,5.0,6.0,berlin,T
Forsa,2014-04-01,4,2014,29.0,23.0,16.0,0.0,18.0,3.0,7.0,berlin,T
Forsa,2014-03-05,3,2014,27.0,23.0,18.0,0.0,17.0,4.0,7.0,berlin,T
Infratestdimap,2014-02-08,2,2014,26.0,26.0,18.0,0.0,14.0,5.0,7.0,berlin,T
Forsa,2014-02-04,2,2014,25.0,26.0,18.0,0.0,15.0,4.0,8.0,berlin,T
Infratestdimap,2013-12-11,12,2013,29.0,26.0,16.0,0.0,17.0,4.0,5.0,berlin,T
Forsa,2014-01-02,1,2014,27.0,26.0,17.0,0.0,15.0,4.0,6.0,berlin,T
Forsa,2013-12-05,12,2013,28.0,26.0,17.0,0.0,15.0,4.0,6.0,berlin,T
Forsa,2013-11-04,11,2013,27.0,27.0,16.0,0.0,16.0,5.0,6.0,berlin,T
Forsa,2013-10-01,10,2013,28.0,26.0,19.0,0.0,14.0,4.0,6.0,berlin,T
Infratestdimap,2013-09-11,9,2013,26.0,29.0,18.0,2.0,14.0,2.0,4.0,berlin,T
Forsa,2013-08-30,8,2013,27.0,25.0,21.0,0.0,12.0,4.0,6.0,berlin,T
Forsa,2013-07-31,7,2013,28.0,26.0,22.0,0.0,11.0,0.0,10.0,berlin,T
Forsa,2013-07-01,7,2013,26.0,27.0,22.0,0.0,12.0,0.0,9.0,berlin,T
Infratestdimap,2013-06-12,6,2013,29.0,26.0,22.0,2.0,11.0,0.0,6.0,berlin,T
Forsa,2013-06-01,6,2013,26.0,26.0,21.0,0.0,12.0,0.0,11.0,berlin,T
Forsa,2013-04-30,4,2013,28.0,24.0,21.0,0.0,12.0,0.0,10.0,berlin,T
Infratestdimap,2013-04-17,4,2013,28.0,24.0,21.0,2.0,13.0,0.0,7.0,berlin,T
Forsa,2013-03-25,3,2013,27.0,25.0,24.0,0.0,10.0,0.0,9.0,berlin,T
Forsa,2013-03-04,3,2013,29.0,24.0,24.0,0.0,10.0,0.0,7.0,berlin,T
Forsa,2013-02-03,2,2013,26.0,25.0,25.0,0.0,10.0,0.0,7.0,berlin,T
Forsa,2012-12-28,12,2012,27.0,24.0,22.0,0.0,12.0,0.0,9.0,berlin,T
Infratestdimap,2012-12-05,12,2012,26.0,25.0,20.0,2.0,14.0,0.0,6.0,berlin,T
Forsa,2012-11-30,11,2012,26.0,26.0,22.0,0.0,11.0,0.0,8.0,berlin,T
Forsa,2012-10-29,10,2012,27.0,26.0,19.0,0.0,10.0,0.0,8.0,berlin,T
Forsa,2012-09-30,9,2012,26.0,26.0,19.0,0.0,10.0,0.0,9.0,berlin,T
Infratestdimap,2012-09-19,9,2012,26.0,27.0,19.0,2.0,12.0,0.0,6.0,berlin,T
Forsa,2012-08-27,8,2012,24.0,24.0,20.0,0.0,10.0,0.0,8.0,berlin,T
Forsa,2012-07-27,7,2012,26.0,25.0,18.0,0.0,10.0,0.0,8.0,berlin,T
Forsa,2012-07-02,7,2012,24.0,26.0,18.0,0.0,11.0,0.0,9.0,berlin,T
Infratestdimap,2012-06-13,6,2012,25.0,31.0,17.0,2.0,10.0,0.0,5.0,berlin,T
Forsa,2012-05-28,5,2012,22.0,27.0,18.0,0.0,10.0,0.0,8.0,berlin,T
Forsa,2012-05-03,5,2012,23.0,28.0,16.0,0.0,10.0,0.0,8.0,berlin,T
Infratestdimap,2012-04-18,4,2012,25.0,29.0,16.0,1.0,10.0,0.0,5.0,berlin,T
Forsa,2012-04-02,4,2012,24.0,29.0,15.0,0.0,11.0,0.0,8.0,berlin,T
Forsa,2012-02-28,2,2012,23.0,29.0,15.0,0.0,10.0,0.0,10.0,berlin,T
Forsa,2012-01-30,1,2012,22.0,29.0,16.0,0.0,10.0,0.0,9.0,berlin,T
Forsa,2011-12-30,12,2011,24.0,28.0,16.0,1.0,11.0,0.0,9.0,berlin,T
Infratestdimap,2011-12-07,12,2011,25.0,32.0,16.0,2.0,11.0,0.0,5.0,berlin,T
Forsa,2011-11-28,11,2011,24.0,31.0,14.0,1.0,11.0,0.0,9.0,berlin,T
Forsa,2011-10-31,10,2011,24.0,29.0,15.0,2.0,11.0,0.0,8.0,berlin,T
Forsa,2011-10-05,10,2011,24.0,29.0,15.0,2.0,11.0,0.0,9.0,berlin,T
Forsa,2017-11-10,11,2017,22.0,25.0,6.0,5.0,18.0,18.0,6.0,brandenburg,T
Infratestdimap,2017-06-21,6,2017,25.0,28.0,6.0,3.0,18.0,15.0,5.0,brandenburg,T
Forsa,2017-01-18,1,2017,21.0,30.0,7.0,4.0,15.0,18.0,5.0,brandenburg,T
Infratestdimap,2016-11-30,11,2016,25.0,30.0,6.0,0.0,17.0,16.0,6.0,brandenburg,T
Forsa,2016-09-30,9,2016,17.0,30.0,6.0,4.0,17.0,20.0,6.0,brandenburg,T
Infratestdimap,2016-05-25,5,2016,23.0,29.0,6.0,0.0,17.0,20.0,5.0,brandenburg,T
Forsa,2016-03-19,3,2016,19.0,31.0,7.0,3.0,16.0,19.0,5.0,brandenburg,T
Forsa,2016-01-04,1,2016,21.0,36.0,6.0,0.0,18.0,11.0,8.0,brandenburg,T
Infratestdimap,2015-11-18,11,2015,23.0,33.0,6.0,0.0,19.0,13.0,6.0,brandenburg,T
Forsa,2015-09-19,9,2015,24.0,35.0,7.0,0.0,20.0,7.0,7.0,brandenburg,T
Infratestdimap,2015-02-11,2,2015,25.0,34.0,5.0,0.0,19.0,10.0,7.0,brandenburg,T
Forsa,2015-01-04,1,2015,22.0,34.0,8.0,0.0,19.0,8.0,9.0,brandenburg,T
FCW,2014-09-11,9,2014,24.0,32.5,5.5,0.0,20.0,9.5,8.5,brandenburg,T
Infratestdimap,2014-09-04,9,2014,24.0,31.0,6.0,2.0,22.0,9.0,6.0,brandenburg,T
FCW,2014-09-04,9,2014,25.0,33.0,6.0,0.0,21.0,8.0,7.0,brandenburg,T
Infratestdimap,2014-08-27,8,2014,27.0,33.0,5.0,2.0,21.0,6.0,6.0,brandenburg,T
Forsa,2014-08-23,8,2014,23.0,34.0,6.0,3.0,22.0,6.0,6.0,brandenburg,T
Infratestdimap,2014-06-04,6,2014,28.0,30.0,6.0,2.0,23.0,6.0,5.0,brandenburg,T
Forsa,2014-01-05,1,2014,23.0,34.0,5.0,4.0,25.0,4.0,5.0,brandenburg,T
Infratestdimap,2013-12-04,12,2013,30.0,32.0,6.0,2.0,22.0,3.0,5.0,brandenburg,T
Infratestdimap,2013-08-28,8,2013,30.0,33.0,6.0,3.0,20.0,3.0,5.0,brandenburg,T
GMS,2013-08-26,8,2013,27.0,35.0,10.0,3.0,20.0,0.0,5.0,brandenburg,T
Infratestdimap,2013-05-29,5,2013,27.0,35.0,9.0,2.0,21.0,0.0,6.0,brandenburg,T
Forsa,2013-01-02,1,2013,22.0,36.0,7.0,3.0,24.0,0.0,6.0,brandenburg,T
Infratestdimap,2012-09-20,9,2012,23.0,39.0,7.0,2.0,22.0,0.0,3.0,brandenburg,T
Infratestdimap,2012-03-21,3,2012,21.0,37.0,7.0,3.0,22.0,0.0,4.0,brandenburg,T
Infratestdimap,2012-03-07,3,2012,23.0,38.0,7.0,2.0,21.0,0.0,4.0,brandenburg,T
Infratestdimap,2011-12-13,12,2011,25.0,35.0,8.0,3.0,20.0,0.0,5.0,brandenburg,T
Infratestdimap,2011-08-24,8,2011,22.0,35.0,11.0,3.0,22.0,0.0,5.0,brandenburg,T
Infratestdimap,2011-03-10,3,2011,24.0,35.0,8.0,3.0,24.0,0.0,6.0,brandenburg,T
Infratestdimap,2010-09-22,9,2010,21.0,31.0,12.0,4.0,26.0,0.0,6.0,brandenburg,T
Infratestdimap,2010-04-01,4,2010,21.0,34.0,8.0,5.0,28.0,0.0,4.0,brandenburg,T
Infratestdimap,2010-02-10,2,2010,22.0,31.0,8.0,6.0,27.0,0.0,6.0,brandenburg,T
Infratestdimap,2019-04-09,4,2019,20.0,22.0,12.0,5.0,16.0,19.0,6.0,brandenburg,T
Others,2019-01-10,1,2019,21.0,23.0,10.0,3.0,18.0,21.0,4.0,brandenburg,T
Forsa,2019-01-01,1,2019,19.0,20.0,12.0,5.0,17.0,20.0,7.0,brandenburg,T
Infratestdimap,2018-09-19,9,2018,21.0,23.0,7.0,5.0,17.0,23.0,4.0,brandenburg,T
Infratestdimap,2018-04-18,4,2018,23.0,23.0,7.0,4.0,17.0,22.0,4.0,brandenburg,T
Infratestdimap,2017-11-14,11,2017,22.0,23.0,6.0,7.0,17.0,20.0,5.0,brandenburg,T
Infratestdimap,2019-05-07,5,2019,26.0,25.0,18.0,6.0,12.0,8.0,5.0,bremen,T
Infratestdimap,2019-02-07,2,2019,25.0,24.0,18.0,6.0,13.0,8.0,6.0,bremen,T
INSA,2018-05-28,5,2018,24.0,22.0,14.0,9.0,17.0,10.0,4.0,bremen,T
Infratestdimap,2018-05-01,5,2018,24.0,26.0,14.0,7.0,15.0,9.0,5.0,bremen,T
Infratestdimap,2017-01-19,1,2017,24.0,29.0,13.0,8.0,11.0,11.0,4.0,bremen,T
Infratestdimap,2016-05-10,5,2016,22.0,29.0,16.0,7.0,10.0,11.0,5.0,bremen,T
Others,2020-06-25,6,2020,13.0,39.0,23.0,5.0,10.0,6.0,4.0,hamburg,O
FCW,2020-02-20,2,2020,12.0,39.0,24.0,5.0,8.5,6.0,5.5,hamburg,T
Others,2020-02-19,2,2020,12.0,34.0,32.0,6.0,7.0,5.0,5.0,hamburg,T
INSA,2020-02-18,2,2020,13.0,38.0,23.0,5.0,8.0,7.0,6.0,hamburg,TOM
FCW,2020-02-14,2,2020,13.0,37.0,25.0,4.5,8.0,7.0,5.5,hamburg,T
Infratestdimap,2020-02-13,2,2020,14.0,38.0,23.0,5.0,8.0,6.0,6.0,hamburg,T
Others,2020-02-10,2,2020,14.0,33.0,24.0,7.0,10.0,7.0,5.0,hamburg,O
Infratestdimap,2020-02-06,2,2020,14.0,34.0,27.0,5.0,8.0,7.0,5.0,hamburg,T
Infratestdimap,2020-01-23,1,2020,16.0,32.0,27.0,6.0,8.0,7.0,4.0,hamburg,T
Infratestdimap,2020-01-09,1,2020,15.0,29.0,29.0,7.0,9.0,7.0,4.0,hamburg,T
Others,2020-01-09,1,2020,13.0,32.0,23.0,8.0,13.0,8.0,4.0,hamburg,O
Forsa,2020-01-06,1,2020,16.0,29.0,26.0,7.0,10.0,7.0,5.0,hamburg,T
Infratestdimap,2019-12-17,12,2019,17.0,28.0,26.0,6.0,11.0,7.0,5.0,hamburg,T
Others,2019-11-18,11,2019,13.0,32.0,23.0,7.0,12.0,8.0,4.0,hamburg,O
INSA,2019-11-12,11,2019,17.0,25.0,26.0,8.0,12.0,8.0,4.0,hamburg,TOM
Others,2019-09-17,9,2019,14.0,28.0,28.0,6.0,11.0,9.0,4.0,hamburg,O
Others,2019-05-29,5,2019,16.0,30.0,22.0,9.0,11.0,10.0,2.0,hamburg,O
Others,2019-03-20,3,2019,15.0,35.0,29.0,6.0,9.0,4.0,3.0,hamburg,T
Infratestdimap,2019-02-25,2,2019,17.0,31.0,22.0,8.0,10.0,8.0,4.0,hamburg,T
Forsa,2019-01-07,1,2019,14.0,30.0,24.0,9.0,11.0,7.0,5.0,hamburg,T
Forsa,2018-04-16,4,2018,16.0,36.0,18.0,7.0,12.0,7.0,4.0,hamburg,T
Others,2018-03-07,3,2018,22.0,28.0,15.0,8.0,14.0,10.0,3.0,hamburg,O
Others,2016-11-24,11,2016,18.0,48.0,16.0,5.0,8.0,4.0,2.0,hamburg,T
Infratestdimap,2016-04-07,4,2016,18.0,39.0,15.0,6.0,11.0,8.0,3.0,hamburg,T
Others,2016-01-21,1,2016,14.0,37.0,13.0,8.0,10.0,13.0,5.0,hamburg,O
FCW,2015-02-12,2,2015,17.0,47.0,12.0,6.0,8.5,5.0,4.5,hamburg,T
FCW,2015-02-06,2,2015,19.0,45.0,11.0,6.0,9.5,5.0,4.5,hamburg,T
Infratestdimap,2015-02-05,2,2015,18.0,46.0,11.0,5.5,9.0,5.5,5.0,hamburg,T
Infratestdimap,2015-01-29,1,2015,20.0,44.0,13.0,5.0,9.0,6.0,3.0,hamburg,T
Others,2015-02-10,2,2015,22.6,44.6,14.9,2.8,9.1,2.9,3.2,hamburg,T
INSA,2015-01-14,1,2015,23.0,42.0,14.0,4.0,7.0,6.0,4.0,hamburg,T
Infratestdimap,2015-01-14,1,2015,22.0,43.0,14.0,4.0,8.0,5.0,4.0,hamburg,T
Others,2015-02-10,2,2015,20.6,39.7,21.8,2.8,8.9,3.2,3.0,hamburg,T
Infratestdimap,2014-12-11,12,2014,24.0,43.0,14.0,2.0,9.0,4.0,4.0,hamburg,T
Others,2014-11-08,11,2014,27.0,45.0,11.0,2.0,7.0,4.0,4.0,hamburg,T
Others,2014-02-15,2,2014,24.0,48.0,11.0,3.0,8.0,0.0,0.0,hamburg,T
Infratestdimap,2014-01-15,1,2014,25.0,42.0,13.0,5.0,9.0,3.0,3.0,hamburg,T
Others,2013-06-26,6,2013,21.0,43.0,18.0,4.0,8.0,0.0,2.0,hamburg,T
Others,2013-02-09,2,2013,23.0,51.0,13.0,2.0,4.0,0.0,5.0,hamburg,T
Others,2012-02-19,2,2012,21.0,52.0,12.0,2.0,6.0,0.0,0.0,hamburg,T
Infratestdimap,2012-01-19,1,2012,20.0,51.0,14.0,3.0,4.0,0.0,3.0,hamburg,T
YouGov,2011-12-07,12,2011,21.0,44.0,13.0,3.0,7.0,0.0,3.0,hamburg,O
Infratestdimap,2022-03-10,3,2022,26.0,34.0,11.0,9.0,0.0,7.0,8.0,rheinland-pfalz,TOM
Infratestdimap,2021-11-25,11,2021,21.0,34.0,12.0,11.0,0.0,8.0,8.0,rheinland-pfalz,TOM
Infratestdimap,2021-09-09,9,2021,23.0,40.0,9.0,6.0,3.0,8.0,6.0,rheinland-pfalz,TOM
Infratestdimap,2021-07-15,7,2021,24.0,38.0,9.0,6.0,3.0,8.0,6.0,rheinland-pfalz,TOM
INSA,2021-03-12,3,2021,29.0,32.0,10.0,7.0,3.0,10.0,5.0,rheinland-pfalz,TOM
FCW,2021-03-11,3,2021,29.0,33.0,10.0,6.5,3.0,9.0,4.5,rheinland-pfalz,T
INSA,2021-03-09,3,2021,30.0,30.0,12.0,6.0,3.0,10.0,5.0,rheinland-pfalz,TOM
FCW,2021-03-05,3,2021,29.0,33.0,11.0,7.0,3.0,9.0,4.0,rheinland-pfalz,T
Infratestdimap,2021-03-04,3,2021,28.0,30.0,12.0,9.0,3.0,9.0,4.0,rheinland-pfalz,TOM
Infratestdimap,2021-02-25,2,2021,31.0,30.0,12.0,7.0,3.0,9.0,4.0,rheinland-pfalz,T
INSA,2021-02-23,2,2021,33.0,31.0,12.0,6.0,3.0,9.0,3.0,rheinland-pfalz,TOM
FCW,2021-02-05,2,2021,33.0,31.0,13.0,5.0,4.0,7.0,7.0,rheinland-pfalz,T
INSA,2021-01-23,1,2021,33.0,30.0,14.0,6.0,3.0,9.0,2.0,rheinland-pfalz,TOM
Infratestdimap,2021-01-14,1,2021,33.0,28.0,15.0,6.0,3.0,8.0,7.0,rheinland-pfalz,T
Infratestdimap,2020-12-10,12,2020,34.0,28.0,15.0,5.0,3.0,9.0,6.0,rheinland-pfalz,T
INSA,2020-10-21,10,2020,33.0,27.0,14.0,5.0,5.0,10.0,3.0,rheinland-pfalz,TOM
Infratestdimap,2020-09-10,9,2020,34.0,26.0,17.0,6.0,4.0,9.0,4.0,rheinland-pfalz,T
Infratestdimap,2020-04-23,4,2020,38.0,27.0,13.0,6.0,4.0,8.0,4.0,rheinland-pfalz,T
INSA,2020-04-15,4,2020,30.0,24.0,19.0,5.0,5.0,12.0,5.0,rheinland-pfalz,TOM
Infratestdimap,2020-03-05,3,2020,27.0,26.0,18.0,7.0,6.0,11.0,5.0,rheinland-pfalz,T
Infratestdimap,2019-12-12,12,2019,30.0,26.0,16.0,7.0,4.0,13.0,4.0,rheinland-pfalz,T
INSA,2019-09-18,9,2019,28.0,22.0,20.0,8.0,4.0,12.0,3.0,rheinland-pfalz,TOM
Infratestdimap,2019-09-12,9,2019,28.0,23.0,21.0,8.0,4.0,11.0,5.0,rheinland-pfalz,T
Infratestdimap,2019-03-21,3,2019,31.0,24.0,14.0,10.0,6.0,11.0,4.0,rheinland-pfalz,T
Forsa,2019-02-11,2,2019,31.0,26.0,14.0,8.0,5.0,10.0,6.0,rheinland-pfalz,T
Infratestdimap,2018-12-13,12,2018,31.0,24.0,16.0,7.0,4.0,13.0,5.0,rheinland-pfalz,T
Infratestdimap,2018-10-18,10,2018,28.0,24.0,18.0,8.0,5.0,13.0,4.0,rheinland-pfalz,T
Infratestdimap,2018-06-21,6,2018,31.0,29.0,11.0,7.0,5.0,13.0,4.0,rheinland-pfalz,T
Infratestdimap,2018-03-08,3,2018,33.0,37.0,8.0,7.0,3.0,8.0,4.0,rheinland-pfalz,T
INSA,2018-01-10,1,2018,34.0,33.0,7.0,7.0,5.0,10.0,4.0,rheinland-pfalz,TOM
Infratestdimap,2017-12-14,12,2017,37.0,38.0,7.0,6.0,3.0,6.0,3.0,rheinland-pfalz,T
Infratestdimap,2017-09-14,9,2017,36.0,36.0,6.0,6.0,4.0,8.0,4.0,rheinland-pfalz,T
Others,2017-07-19,7,2017,37.0,33.0,7.0,6.0,3.0,8.0,4.0,rheinland-pfalz,T
Infratestdimap,2017-06-22,6,2017,37.0,32.0,7.0,7.0,5.0,8.0,4.0,rheinland-pfalz,T
Infratestdimap,2017-03-09,3,2017,35.0,40.0,6.0,6.0,3.0,7.0,3.0,rheinland-pfalz,T
Others,2016-12-23,12,2016,36.0,34.0,5.0,5.0,3.0,11.0,4.0,rheinland-pfalz,T
Infratestdimap,2016-12-15,12,2016,36.0,32.0,9.0,5.0,4.0,10.0,4.0,rheinland-pfalz,T
Infratestdimap,2016-07-14,7,2016,33.0,33.0,7.0,8.0,4.0,10.0,5.0,rheinland-pfalz,T
Others,2016-06-22,6,2016,31.0,36.0,6.0,6.0,3.0,12.0,3.0,rheinland-pfalz,T
Infratestdimap,2022-03-04,3,2022,27.0,24.0,20.0,9.0,5.0,7.0,8.0,hessen,TOM
Infratestdimap,2021-02-25,2,2021,32.0,17.0,21.0,7.0,6.0,10.0,7.0,hessen,T
Infratestdimap,2020-12-09,12,2020,34.0,19.0,22.0,7.0,5.0,8.0,5.0,hessen,T
INSA,2020-11-03,11,2020,30.0,18.0,19.0,6.0,9.0,11.0,7.0,hessen,O
Infratestdimap,2020-05-14,5,2020,36.0,18.0,20.0,7.0,4.0,10.0,5.0,hessen,T
Infratestdimap,2020-02-17,2,2020,26.0,16.0,25.0,7.0,8.0,12.0,6.0,hessen,T
Infratestdimap,2019-04-26,4,2019,27.0,19.0,21.0,9.0,6.0,13.0,5.0,hessen,T
FCW,2018-10-25,10,2018,28.0,20.0,20.0,8.0,8.0,12.0,4.0,hessen,T
Infratestdimap,2018-10-18,10,2018,26.0,21.0,20.0,9.0,8.0,12.0,4.0,hessen,T
FCW,2018-10-18,10,2018,26.0,20.0,22.0,8.0,8.0,12.0,4.0,hessen,T
FCW,2018-10-03,10,2018,29.0,23.0,18.0,6.0,8.0,13.0,3.0,hessen,T
Infratestdimap,2018-09-24,9,2018,28.0,23.0,17.0,7.0,8.0,14.0,3.0,hessen,T
FCW,2018-09-21,9,2018,32.0,25.0,15.0,6.0,8.0,11.0,3.0,hessen,T
Infratestdimap,2018-06-21,6,2018,31.0,22.0,14.0,7.0,7.0,15.0,4.0,hessen,T
FCW,2018-06-12,6,2018,31.0,25.0,13.0,8.0,8.0,11.0,4.0,hessen,T
INSA,2018-05-17,5,2018,33.0,24.0,13.0,7.0,8.0,11.0,4.0,hessen,TOM
FCW,2018-03-22,3,2018,31.0,26.0,13.0,7.0,8.0,10.0,5.0,hessen,T
Others,2018-03-02,3,2018,31.0,26.0,12.0,9.0,7.0,11.0,0.0,hessen,F
Forsa,2018-02-25,2,2018,33.0,23.0,14.0,8.0,7.0,10.0,5.0,hessen,T
Infratestdimap,2018-01-19,1,2018,31.0,25.0,13.0,8.0,8.0,12.0,3.0,hessen,T
Infratestdimap,2017-01-12,1,2017,32.0,24.0,14.0,6.0,8.0,14.0,2.0,hessen,T
Infratestdimap,2016-08-24,8,2016,36.0,27.0,13.0,4.0,6.0,9.0,5.0,hessen,T
Forsa,2016-04-18,4,2016,33.0,27.0,11.0,7.0,6.0,10.0,6.0,hessen,T
Infratestdimap,2016-01-20,1,2016,34.0,26.0,11.0,5.0,8.0,12.0,4.0,hessen,T
Forsa,2015-09-02,9,2015,38.0,28.0,13.0,5.0,5.0,4.0,7.0,hessen,T
Infratestdimap,2015-07-20,7,2015,41.0,27.0,14.0,6.0,6.0,2.0,4.0,hessen,T
Infratestdimap,2014-12-16,12,2014,38.0,27.0,16.0,2.0,7.0,5.0,5.0,hessen,T
Forsa,2014-03-14,3,2014,39.0,27.0,12.0,5.0,7.0,5.0,5.0,hessen,T
INSA,2022-04-29,4,2022,16.0,35.0,6.0,6.0,11.0,18.0,8.0,mecklenburg-vorpommern,TOM
Forsa,2022-03-24,3,2022,16.0,34.0,7.0,5.0,12.0,16.0,10.0,mecklenburg-vorpommern,T
INSA,2022-02-14,2,2022,16.0,36.0,6.0,6.0,11.0,17.0,8.0,mecklenburg-vorpommern,TOM
INSA,2021-09-24,9,2021,13.0,40.0,7.0,5.0,11.0,17.0,7.0,mecklenburg-vorpommern,TOM
FCW,2021-09-23,9,2021,14.0,39.0,7.0,5.5,11.0,16.0,7.5,mecklenburg-vorpommern,T
Infratestdimap,2021-09-17,9,2021,15.0,40.0,6.0,5.0,10.0,15.0,9.0,mecklenburg-vorpommern,TOM
INSA,2021-09-17,9,2021,12.0,40.0,7.0,6.0,11.0,18.0,6.0,mecklenburg-vorpommern,TOM
FCW,2021-09-17,9,2021,15.0,38.0,6.0,6.0,11.0,17.0,7.0,mecklenburg-vorpommern,T
Infratestdimap,2021-09-09,9,2021,14.0,39.0,6.0,7.0,10.0,17.0,7.0,mecklenburg-vorpommern,TOM
Infratestdimap,2021-08-26,8,2021,15.0,36.0,6.0,8.0,11.0,17.0,7.0,mecklenburg-vorpommern,TOM
INSA,2021-08-15,8,2021,18.0,28.0,8.0,7.0,14.0,17.0,8.0,mecklenburg-vorpommern,TOM
INSA,2021-07-25,7,2021,20.0,26.0,9.0,7.0,13.0,19.0,6.0,mecklenburg-vorpommern,TOM
Infratestdimap,2021-07-15,7,2021,23.0,27.0,7.0,7.0,12.0,16.0,8.0,mecklenburg-vorpommern,TOM
Infratestdimap,2021-05-20,5,2021,21.0,23.0,14.0,6.0,11.0,17.0,8.0,mecklenburg-vorpommern,TOM
Forsa,2021-01-21,1,2021,24.0,26.0,10.0,3.0,16.0,14.0,7.0,mecklenburg-vorpommern,T
Infratestdimap,2020-11-25,11,2020,27.0,27.0,10.0,3.0,12.0,15.0,6.0,mecklenburg-vorpommern,T
Infratestdimap,2020-06-09,6,2020,29.0,24.0,10.0,4.0,13.0,15.0,5.0,mecklenburg-vorpommern,T
Forsa,2020-01-16,1,2020,20.0,19.0,13.0,5.0,14.0,19.0,10.0,mecklenburg-vorpommern,T
Forsa,2019-09-27,9,2019,21.0,22.0,12.0,5.0,12.0,20.0,8.0,mecklenburg-vorpommern,T
Forsa,2019-01-17,1,2019,22.0,22.0,10.0,4.0,16.0,18.0,8.0,mecklenburg-vorpommern,T
Forsa,2018-06-30,6,2018,18.0,25.0,8.0,4.0,16.0,22.0,7.0,mecklenburg-vorpommern,T
Forsa,2018-01-18,1,2018,20.0,28.0,5.0,5.0,15.0,19.0,8.0,mecklenburg-vorpommern,T
INSA,2017-07-23,7,2017,22.0,31.5,4.5,3.5,13.5,20.5,4.5,mecklenburg-vorpommern,T
Forsa,2017-01-19,1,2017,21.0,32.0,4.0,4.0,13.0,18.0,8.0,mecklenburg-vorpommern,T
FCW,2016-09-01,9,2016,22.0,28.0,6.0,3.0,13.0,22.0,6.0,mecklenburg-vorpommern,T
INSA,2016-08-31,8,2016,20.0,28.0,6.0,2.0,15.0,23.0,4.0,mecklenburg-vorpommern,T
FCW,2016-08-26,8,2016,22.0,28.0,6.0,0.0,13.0,21.0,7.0,mecklenburg-vorpommern,T
Infratestdimap,2016-08-25,8,2016,22.0,27.0,5.0,3.0,14.0,21.0,5.0,mecklenburg-vorpommern,T
Infratestdimap,2016-08-18,8,2016,23.0,26.0,6.0,3.0,16.0,19.0,4.0,mecklenburg-vorpommern,T
INSA,2016-08-12,8,2016,23.0,24.0,6.0,3.0,19.0,19.0,3.0,mecklenburg-vorpommern,T
Infratestdimap,2016-06-30,6,2016,25.0,22.0,7.0,3.0,17.0,19.0,3.0,mecklenburg-vorpommern,T
Infratestdimap,2016-04-28,4,2016,24.0,22.0,8.0,4.0,16.0,18.0,4.0,mecklenburg-vorpommern,T
INSA,2016-02-16,2,2016,29.0,22.0,5.0,4.0,19.0,16.0,1.0,mecklenburg-vorpommern,T
Infratestdimap,2014-05-07,5,2014,34.0,29.0,5.0,2.0,20.0,4.0,3.0,mecklenburg-vorpommern,T
Others,2013-09-14,9,2013,28.0,31.0,8.0,2.0,19.0,0.0,7.0,mecklenburg-vorpommern,T
Others,2013-08-17,8,2013,28.0,32.0,8.0,2.0,20.0,0.0,5.0,mecklenburg-vorpommern,T
Forsa,2022-05-03,5,2022,26.0,33.0,19.0,7.0,3.0,6.0,6.0,niedersachsen,O
Forsa,2022-03-30,3,2022,25.0,34.0,17.0,8.0,3.0,7.0,6.0,niedersachsen,O
INSA,2022-02-23,2,2022,26.0,34.0,14.0,11.0,4.0,7.0,4.0,niedersachsen,O
Infratestdimap,2021-11-19,11,2021,23.0,36.0,16.0,10.0,3.0,7.0,5.0,niedersachsen,TOM
INSA,2021-10-21,10,2021,19.0,39.0,13.0,12.0,5.0,7.0,5.0,niedersachsen,O
Others,2021-10-20,10,2021,26.0,34.0,15.0,10.0,4.0,7.0,4.0,niedersachsen,F
INSA,2021-05-11,5,2021,26.0,29.0,20.0,9.0,5.0,7.0,4.0,niedersachsen,O
INSA,2021-03-30,3,2021,26.0,30.0,18.0,9.0,4.0,7.0,6.0,niedersachsen,O
Others,2021-03-11,3,2021,33.0,27.0,20.0,5.0,5.0,6.0,4.0,niedersachsen,F
INSA,2020-11-08,11,2020,34.0,27.0,18.0,6.0,5.0,6.0,4.0,niedersachsen,TOM
Infratestdimap,2020-10-15,10,2020,35.0,27.0,20.0,4.0,5.0,6.0,3.0,niedersachsen,T
Forsa,2020-06-04,6,2020,32.0,30.0,16.0,5.0,6.0,5.0,6.0,niedersachsen,T
Forsa,2019-02-11,2,2019,30.0,28.0,17.0,7.0,5.0,8.0,5.0,niedersachsen,T
Infratestdimap,2018-11-22,11,2018,28.0,26.0,24.0,6.0,4.0,9.0,3.0,niedersachsen,T
INSA,2018-11-21,11,2018,27.0,26.0,17.0,10.0,5.0,12.0,3.0,niedersachsen,TOM
Forsa,2018-02-25,2,2018,33.0,33.0,10.0,8.0,6.0,6.0,4.0,niedersachsen,T
FCW,2017-10-12,10,2017,33.0,34.5,9.0,9.0,5.0,7.0,2.5,niedersachsen,T
INSA,2017-10-09,10,2017,32.0,33.0,10.0,10.0,5.0,7.0,3.0,niedersachsen,T
FCW,2017-10-05,10,2017,33.0,33.0,9.0,10.0,5.0,7.0,3.0,niedersachsen,T
Infratestdimap,2017-10-05,10,2017,34.0,34.0,8.5,8.0,4.5,8.0,3.0,niedersachsen,T
Infratestdimap,2017-09-28,9,2017,35.0,34.0,9.0,8.0,5.0,6.0,3.0,niedersachsen,T
Infratestdimap,2017-09-07,9,2017,37.0,32.0,10.0,6.0,5.0,7.0,3.0,niedersachsen,T
Infratestdimap,2017-08-30,8,2017,39.0,31.0,8.0,8.0,4.0,8.0,2.0,niedersachsen,T
Infratestdimap,2017-08-10,8,2017,40.0,32.0,9.0,7.0,3.0,6.0,3.0,niedersachsen,T
INSA,2017-08-09,8,2017,40.0,28.0,9.0,9.0,5.0,7.0,2.0,niedersachsen,O
INSA,2017-05-27,5,2017,41.0,27.0,8.0,9.0,5.0,6.0,4.0,niedersachsen,T
Forsa,2017-05-06,5,2017,35.0,36.0,8.0,6.0,4.0,6.0,5.0,niedersachsen,T
Infratestdimap,2017-01-20,1,2017,35.0,31.0,14.0,6.0,4.0,8.0,2.0,niedersachsen,T
Forsa,2017-01-11,1,2017,34.0,32.0,12.0,6.0,4.0,7.0,5.0,niedersachsen,T
INSA,2016-10-19,10,2016,33.0,31.0,12.0,8.0,5.0,7.0,4.0,niedersachsen,T
Forsa,2015-11-28,11,2015,35.0,33.0,14.0,6.0,4.0,4.0,4.0,niedersachsen,T
INSA,2015-09-07,9,2015,37.0,29.0,14.0,6.0,6.0,3.0,5.0,niedersachsen,T
Infratestdimap,2015-07-03,7,2015,40.0,31.0,14.0,5.0,5.0,2.0,3.0,niedersachsen,T
GMS,2015-01-24,1,2015,41.0,30.0,14.0,3.0,4.0,4.0,4.0,niedersachsen,T
Infratestdimap,2014-01-20,1,2014,40.0,32.0,13.0,4.0,5.0,3.0,3.0,niedersachsen,T
YouGov,2022-05-12,5,2022,31.0,28.0,15.0,10.0,4.0,7.0,5.0,nrw,O
FCW,2022-05-12,5,2022,32.0,29.0,17.0,6.0,3.0,7.0,6.0,nrw,T
INSA,2022-05-12,5,2022,32.0,28.0,16.0,8.0,3.0,7.0,6.0,nrw,O
INSA,2022-05-10,5,2022,31.0,29.0,16.0,8.0,3.0,7.0,6.0,nrw,O
FCW,2022-05-06,5,2022,30.0,28.0,18.0,7.0,3.0,7.0,7.0,nrw,T
Infratestdimap,2022-05-05,5,2022,30.0,28.0,16.0,8.0,3.0,8.0,7.0,nrw,TOM
Forsa,2022-05-04,5,2022,32.0,28.0,17.0,7.0,3.0,6.0,7.0,nrw,O
Infratestdimap,2022-04-24,4,2022,31.0,30.0,16.0,8.0,3.0,7.0,5.0,nrw,TOM
INSA,2022-04-17,4,2022,29.0,31.0,14.0,10.0,4.0,7.0,5.0,nrw,O
Forsa,2022-04-13,4,2022,30.0,30.0,18.0,8.0,2.0,6.0,6.0,nrw,TOM
INSA,2022-04-05,4,2022,28.0,30.0,15.0,10.0,4.0,7.0,6.0,nrw,O
Infratestdimap,2022-04-03,4,2022,31.0,30.0,15.0,8.0,4.0,7.0,5.0,nrw,TOM
Forsa,2022-03-16,3,2022,32.0,27.0,17.0,8.0,3.0,6.0,7.0,nrw,O
INSA,2022-02-20,2,2022,27.0,29.0,14.0,12.0,4.0,8.0,6.0,nrw,TOM
Forsa,2022-02-09,2,2022,29.0,27.0,18.0,9.0,4.0,7.0,6.0,nrw,O
INSA,2022-02-03,2,2022,26.0,28.0,14.0,12.0,4.0,8.0,8.0,nrw,O
Infratestdimap,2022-01-30,1,2022,28.0,28.0,17.0,10.0,3.0,8.0,6.0,nrw,TOM
Forsa,2021-12-15,12,2021,27.0,27.0,17.0,12.0,4.0,7.0,6.0,nrw,O
Infratestdimap,2021-10-24,10,2021,22.0,31.0,17.0,13.0,3.0,7.0,7.0,nrw,TOM
INSA,2021-10-12,10,2021,20.0,33.0,13.0,15.0,4.0,8.0,7.0,nrw,O
Forsa,2021-05-19,5,2021,25.0,19.0,26.0,12.0,4.0,7.0,7.0,nrw,T
INSA,2021-05-11,5,2021,25.0,20.0,26.0,11.0,4.5,9.0,4.5,nrw,O
Infratestdimap,2021-04-11,4,2021,28.0,18.0,26.0,11.0,3.0,8.0,6.0,nrw,TOM
Infratestdimap,2021-01-31,1,2021,37.0,17.0,24.0,8.0,3.0,6.0,5.0,nrw,T
INSA,2020-10-31,10,2020,33.0,23.0,19.0,8.0,5.0,8.0,4.0,nrw,O
Infratestdimap,2020-09-02,9,2020,34.0,21.0,22.0,7.0,4.0,7.0,5.0,nrw,T
Infratestdimap,2020-06-14,6,2020,37.0,20.0,20.0,7.0,4.0,7.0,5.0,nrw,T
Infratestdimap,2020-04-19,4,2020,40.0,19.0,20.0,7.0,4.0,6.0,4.0,nrw,T
Forsa,2020-04-10,4,2020,39.0,20.0,15.0,8.0,6.0,6.0,6.0,nrw,T
Infratestdimap,2019-11-03,11,2019,32.0,20.0,23.0,8.0,6.0,7.0,4.0,nrw,T
Forsa,2019-08-17,8,2019,29.0,18.0,24.0,11.0,5.0,7.0,6.0,nrw,T
Infratestdimap,2019-02-24,2,2019,30.0,23.0,17.0,12.0,6.0,9.0,3.0,nrw,T
Infratestdimap,2018-10-07,10,2018,28.0,21.0,17.0,11.0,8.0,12.0,3.0,nrw,T
YouGov,2018-09-19,9,2018,31.0,24.0,10.0,10.0,7.0,13.0,5.0,nrw,O
Infratestdimap,2018-05-13,5,2018,35.0,22.0,12.0,9.0,7.0,12.0,3.0,nrw,T
Forsa,2018-02-25,2,2018,34.0,24.0,10.0,12.0,7.0,7.0,6.0,nrw,T
Infratestdimap,2018-01-14,1,2018,34.0,28.0,9.0,10.0,7.0,9.0,3.0,nrw,T
YouGov,2017-09-12,9,2017,35.0,30.0,6.0,9.0,8.0,9.0,3.0,nrw,O
Infratestdimap,2017-09-03,9,2017,33.0,30.0,6.0,13.0,6.0,8.0,4.0,nrw,T
FCW,2017-05-11,5,2017,32.0,31.0,6.5,13.5,6.0,6.5,4.5,nrw,T
YouGov,2017-05-11,5,2017,31.0,30.0,7.0,9.0,8.0,9.0,4.0,nrw,O
INSA,2017-05-09,5,2017,30.0,33.0,7.0,13.0,5.0,7.0,5.0,nrw,T
FCW,2017-05-05,5,2017,32.0,32.0,7.5,12.0,6.0,6.0,4.5,nrw,T
Infratestdimap,2017-05-04,5,2017,31.0,32.0,7.0,13.0,5.0,8.0,4.0,nrw,T
Forsa,2017-04-28,4,2017,29.0,35.0,6.0,12.0,6.0,7.0,5.0,nrw,T
YouGov,2017-04-25,4,2017,27.0,36.0,6.0,7.0,8.0,11.0,3.0,nrw,O
Infratestdimap,2017-04-23,4,2017,34.0,34.0,6.0,10.0,5.0,8.0,3.0,nrw,T
INSA,2017-04-11,4,2017,28.0,37.0,6.0,10.0,5.0,10.0,4.0,nrw,T
Infratestdimap,2017-03-19,3,2017,30.0,37.0,6.0,9.0,5.0,9.0,4.0,nrw,T
Forsa,2017-03-15,3,2017,26.0,40.0,6.0,11.0,5.0,7.0,5.0,nrw,T
INSA,2017-03-05,3,2017,27.0,38.0,7.0,10.0,4.0,11.0,3.0,nrw,T
Infratestdimap,2017-02-19,2,2017,30.0,37.0,7.0,7.0,6.0,10.0,3.0,nrw,T
FCW,2017-02-10,2,2017,32.0,36.0,7.0,8.0,5.0,9.0,3.0,nrw,T
YouGov,2017-01-27,1,2017,31.0,31.0,11.0,7.0,5.0,12.0,2.0,nrw,O
Forsa,2017-03-15,3,2017,29.0,35.0,8.0,9.0,6.0,8.0,5.0,nrw,T
Others,2017-01-21,1,2017,30.0,32.0,10.0,8.0,7.0,10.0,3.0,nrw,T
Infratestdimap,2016-10-30,10,2016,32.0,32.0,12.0,7.0,5.0,9.0,3.0,nrw,T
YouGov,2016-09-15,9,2016,28.0,34.0,10.0,9.0,5.0,11.0,0.0,nrw,O
Infratestdimap,2016-05-22,5,2016,31.0,31.0,10.0,8.0,6.0,12.0,2.0,nrw,T
INSA,2016-04-29,4,2016,32.0,29.0,13.0,7.5,5.5,9.0,4.0,nrw,T
Infratestdimap,2016-02-21,2,2016,33.0,31.0,9.0,7.0,7.0,10.0,3.0,nrw,T
Infratestdimap,2015-12-13,12,2015,35.0,34.0,10.0,6.0,5.0,5.0,5.0,nrw,T
Forsa,2015-12-02,12,2015,29.0,39.0,10.0,7.0,5.0,4.0,4.0,nrw,T
YouGov,2015-11-26,11,2015,30.0,34.0,11.0,5.0,5.0,9.0,5.0,nrw,O
Infratestdimap,2015-09-06,9,2015,36.0,34.0,11.0,5.0,6.0,3.0,5.0,nrw,T
Infratestdimap,2015-06-21,6,2015,35.0,36.0,10.0,6.0,5.0,4.0,3.0,nrw,T
Forsa,2015-06-02,6,2015,32.0,36.0,11.0,9.0,4.0,3.0,5.0,nrw,T
INSA,2015-05-27,5,2015,38.0,34.0,12.0,6.0,6.0,2.0,1.0,nrw,T
YouGov,2014-12-18,12,2014,35.0,34.0,12.0,4.0,4.0,7.0,2.0,nrw,O
Infratestdimap,2014-12-07,12,2014,36.0,35.0,10.0,5.0,5.0,5.0,3.0,nrw,T
Forsa,2014-11-14,11,2014,33.0,36.0,10.0,4.0,5.0,6.0,0.0,nrw,T
Forsa,2014-09-02,9,2014,32.0,39.0,10.0,5.0,4.0,4.0,0.0,nrw,T
YouGov,2014-05-20,5,2014,34.0,39.0,10.0,5.0,5.0,0.0,0.0,nrw,O
Infratestdimap,2014-05-11,5,2014,36.0,37.0,10.0,5.0,5.0,3.0,2.0,nrw,T
YouGov,2013-12-11,12,2013,34.0,38.0,10.0,4.0,5.0,0.0,0.0,nrw,O
Infratestdimap,2013-12-08,12,2013,38.0,37.0,8.0,4.0,5.0,3.0,2.0,nrw,T
YouGov,2013-09-19,9,2013,35.0,38.0,11.0,4.0,4.0,0.0,0.0,nrw,O
Infratestdimap,2013-09-07,9,2013,36.0,40.0,9.0,4.0,4.0,2.0,2.0,nrw,T
Infratestdimap,2013-05-26,5,2013,35.0,39.0,14.0,4.0,3.0,0.0,3.0,nrw,T
YouGov,2013-04-25,4,2013,31.0,42.0,12.0,6.0,3.0,0.0,4.0,nrw,O
Infratestdimap,2012-12-16,12,2012,32.0,40.0,12.0,5.0,4.0,0.0,3.0,nrw,T
YouGov,2012-09-27,9,2012,30.0,39.0,13.0,5.0,4.0,0.0,4.0,nrw,O
YouGov,2012-06-13,6,2012,29.0,38.0,12.0,7.0,3.0,0.0,0.0,nrw,O
FCW,2022-03-24,3,2022,28.0,41.0,5.5,5.0,4.0,6.5,10.0,saarland,T
INSA,2022-03-19,3,2022,31.0,39.0,5.0,5.0,4.0,6.0,10.0,saarland,TOM
FCW,2022-03-18,3,2022,30.0,39.0,6.0,5.0,4.0,6.0,10.0,saarland,T
Infratestdimap,2022-02-16,2,2022,29.0,38.0,6.0,6.0,5.0,8.0,8.0,saarland,TOM
INSA,2022-01-28,1,2022,30.0,35.0,8.0,6.0,7.0,7.0,7.0,saarland,TOM
Infratestdimap,2021-11-24,11,2021,28.0,33.0,8.0,8.0,6.0,9.0,8.0,saarland,TOM
INSA,2021-07-21,7,2021,36.0,27.0,9.0,7.0,7.0,6.0,8.0,saarland,TOM
INSA,2021-05-11,5,2021,31.0,21.0,15.0,7.0,14.0,6.0,6.0,saarland,TOM
Infratestdimap,2020-11-11,11,2020,40.0,22.0,12.0,3.0,11.0,8.0,4.0,saarland,T
INSA,2019-12-10,12,2019,36.0,24.0,15.0,4.0,11.0,7.0,3.0,saarland,T
Infratestdimap,2019-05-08,5,2019,37.0,25.0,11.0,4.0,12.0,8.0,3.0,saarland,T
Infratestdimap,2018-06-21,6,2018,35.0,26.0,6.0,4.0,12.0,15.0,2.0,saarland,T
INSA,2022-04-07,4,2022,25.0,12.0,9.0,7.0,9.0,28.0,7.0,sachsen,O
Infratestdimap,2022-02-24,2,2022,27.0,13.0,8.0,7.0,10.0,24.0,8.0,sachsen,TOM
INSA,2021-09-17,9,2021,31.0,11.0,7.0,8.0,11.0,26.0,6.0,sachsen,TOM
Infratestdimap,2021-08-20,8,2021,35.0,11.0,7.0,6.0,10.0,21.0,6.0,sachsen,TOM
INSA,2021-08-16,8,2021,34.0,8.0,7.0,8.0,13.0,25.0,5.0,sachsen,TOM
INSA,2021-05-25,5,2021,24.0,6.0,13.0,12.0,11.0,26.0,8.0,sachsen,TOM
INSA,2021-01-04,1,2021,34.0,7.0,10.0,5.0,11.0,26.0,7.0,sachsen,TOM
INSA,2020-07-08,7,2020,36.0,7.0,10.0,4.0,11.0,26.0,6.0,sachsen,TOM
FCW,2019-08-29,8,2019,32.0,8.5,11.0,5.0,14.0,24.5,5.0,sachsen,T
INSA,2019-08-27,8,2019,29.0,8.0,11.0,5.0,15.0,25.0,3.0,sachsen,TOM
FCW,2019-08-23,8,2019,31.0,9.0,10.0,5.0,14.0,25.0,3.0,sachsen,T
Infratestdimap,2019-08-22,8,2019,30.0,7.0,11.0,5.0,16.0,24.0,3.0,sachsen,T
INSA,2019-08-06,8,2019,28.0,8.0,12.0,5.0,16.0,25.0,6.0,sachsen,TOM
Infratestdimap,2019-07-02,7,2019,26.0,9.0,12.0,5.0,15.0,26.0,4.0,sachsen,T
INSA,2019-06-13,6,2019,24.0,7.0,16.0,6.0,16.0,25.0,2.0,sachsen,TOM
INSA,2019-04-26,4,2019,28.0,10.0,9.0,6.0,16.0,26.0,2.0,sachsen,TOM
INSA,2019-04-05,4,2019,28.0,9.0,9.0,6.0,17.0,25.0,6.0,sachsen,TOM
INSA,2018-12-20,12,2018,29.0,10.0,9.0,6.0,18.0,25.0,3.0,sachsen,TOM
INSA,2018-08-31,8,2018,28.0,11.0,7.0,7.0,18.0,25.0,2.0,sachsen,TOM
Infratestdimap,2018-08-28,8,2018,30.0,11.0,6.0,5.0,18.0,25.0,5.0,sachsen,T
INSA,2018-06-12,6,2018,32.0,9.0,6.0,6.0,19.0,24.0,4.0,sachsen,TOM
Infratestdimap,2017-06-22,6,2017,41.0,10.0,4.0,5.0,15.0,21.0,4.0,sachsen,T
Infratestdimap,2016-11-22,11,2016,34.0,12.0,7.0,0.0,16.0,25.0,6.0,sachsen,T
Infratestdimap,2022-02-24,2,2022,33.0,16.0,6.0,5.0,11.0,20.0,9.0,sachsen-anhalt,TOM
INSA,2021-05-26,5,2021,25.0,10.0,11.0,8.0,13.0,26.0,7.0,sachsen-anhalt,TOM
INSA,2021-04-29,4,2021,26.0,10.0,12.0,6.0,13.0,24.0,9.0,sachsen-anhalt,TOM
Infratestdimap,2021-04-23,4,2021,27.0,12.0,11.0,8.0,12.0,20.0,10.0,sachsen-anhalt,TOM
INSA,2021-01-27,1,2021,30.0,10.0,9.0,5.0,16.0,23.0,7.0,sachsen-anhalt,TOM
INSA,2020-12-02,12,2020,29.0,10.0,10.0,4.0,17.0,23.0,7.0,sachsen-anhalt,TOM
Infratestdimap,2020-06-05,6,2020,34.0,13.0,8.0,4.0,16.0,19.0,6.0,sachsen-anhalt,T
INSA,2020-03-20,3,2020,25.0,11.0,11.0,4.0,18.0,25.0,6.0,sachsen-anhalt,TOM
Infratestdimap,2018-08-28,8,2018,28.0,14.0,6.0,8.0,19.0,21.0,4.0,sachsen-anhalt,T
Infratestdimap,2017-06-22,6,2017,40.0,13.0,6.0,5.0,20.0,13.0,3.0,sachsen-anhalt,T
Infratestdimap,2016-11-22,11,2016,33.0,15.0,5.0,0.0,18.0,22.0,7.0,sachsen-anhalt,T
FCW,2016-03-10,3,2016,32.0,14.0,5.0,4.5,21.0,18.0,5.5,sachsen-anhalt,T
Forsa,2016-03-09,3,2016,30.0,17.0,5.0,5.0,20.0,18.0,5.0,sachsen-anhalt,T
INSA,2016-03-07,3,2016,29.0,15.5,6.0,4.0,20.0,19.0,6.5,sachsen-anhalt,T
FCW,2016-03-04,3,2016,32.0,15.0,5.0,4.0,20.0,17.0,7.0,sachsen-anhalt,T
Infratestdimap,2016-03-03,3,2016,31.0,15.0,5.5,4.5,21.0,19.0,4.0,sachsen-anhalt,T
INSA,2016-02-28,2,2016,29.5,17.0,5.0,5.0,20.0,17.0,6.5,sachsen-anhalt,T
INSA,2016-02-22,2,2016,30.0,16.0,5.0,4.0,21.0,17.0,7.0,sachsen-anhalt,T
Infratestdimap,2016-02-17,2,2016,32.0,18.0,5.0,4.0,20.0,17.0,4.0,sachsen-anhalt,T
FCW,2016-01-14,1,2016,33.0,19.0,5.0,3.0,19.0,15.0,6.0,sachsen-anhalt,T
INSA,2015-12-05,12,2015,35.0,15.5,6.0,3.0,23.0,13.5,4.0,sachsen-anhalt,T
FCW,2022-05-05,5,2022,38.0,18.0,18.0,8.0,0.0,6.0,6.0,schleswig-holstein,T
INSA,2022-05-03,5,2022,36.0,20.0,16.0,9.0,3.0,6.0,5.0,schleswig-holstein,O
FCW,2022-04-29,4,2022,38.0,19.0,17.0,7.0,3.0,6.0,5.0,schleswig-holstein,T
Infratestdimap,2022-04-28,4,2022,38.0,19.0,16.0,9.0,0.0,5.0,8.0,schleswig-holstein,TOM
Infratestdimap,2022-04-21,4,2022,38.0,20.0,16.0,9.0,0.0,6.0,7.0,schleswig-holstein,TOM
Infratestdimap,2022-03-31,3,2022,36.0,20.0,18.0,8.0,0.0,6.0,8.0,schleswig-holstein,TOM
Infratestdimap,2022-03-10,3,2022,33.0,20.0,20.0,9.0,3.0,6.0,5.0,schleswig-holstein,TOM
Infratestdimap,2022-01-20,1,2022,28.0,23.0,20.0,10.0,3.0,7.0,5.0,schleswig-holstein,TOM
Infratestdimap,2021-05-28,5,2021,28.0,15.0,27.0,11.0,4.0,6.0,6.0,schleswig-holstein,TOM
INSA,2020-11-25,11,2020,33.0,20.0,24.0,8.0,3.0,6.0,3.0,schleswig-holstein,TOM
INSA,2020-01-28,1,2020,28.0,20.0,26.0,9.0,3.0,7.0,4.0,schleswig-holstein,TOM
Infratestdimap,2018-04-20,4,2018,34.0,22.0,18.0,8.0,6.0,6.0,3.0,schleswig-holstein,T
FCW,2017-05-04,5,2017,32.0,29.0,12.0,11.0,4.5,6.0,2.5,schleswig-holstein,T
INSA,2017-04-29,4,2017,33.0,29.0,12.0,10.0,5.0,5.0,2.0,schleswig-holstein,T
Infratestdimap,2017-04-27,4,2017,32.0,31.0,12.0,8.5,4.5,6.0,3.0,schleswig-holstein,T
FCW,2017-04-27,4,2017,32.0,30.0,12.0,9.0,5.0,6.0,3.0,schleswig-holstein,T
Infratestdimap,2017-04-20,4,2017,31.0,33.0,12.0,9.0,4.0,5.0,3.0,schleswig-holstein,T
Infratestdimap,2017-04-06,4,2017,30.0,33.0,12.0,9.0,4.0,7.0,2.0,schleswig-holstein,T
Infratestdimap,2017-03-16,3,2017,27.0,33.0,14.0,9.0,4.0,7.0,3.0,schleswig-holstein,T
Infratestdimap,2016-12-09,12,2016,34.0,26.0,15.0,9.0,5.0,6.0,2.0,schleswig-holstein,T
INSA,2016-10-19,10,2016,26.0,31.0,13.0,12.0,4.0,6.0,3.0,schleswig-holstein,T
Forsa,2016-04-16,4,2016,28.0,28.0,16.0,9.0,3.0,9.0,2.0,schleswig-holstein,T
Infratestdimap,2014-10-31,10,2014,34.0,29.0,15.0,3.0,5.0,7.0,2.0,schleswig-holstein,T
Infratestdimap,2013-05-07,5,2013,34.0,31.0,15.0,6.0,3.0,0.0,4.0,schleswig-holstein,T
INSA,2022-04-16,4,2022,20.0,16.0,7.0,5.0,24.0,22.0,6.0,thueringen,TOM
INSA,2022-03-09,3,2022,19.0,16.0,6.0,6.0,25.0,23.0,5.0,thueringen,TOM
Infratestdimap,2022-02-24,2,2022,19.0,15.0,5.0,7.0,23.0,24.0,7.0,thueringen,TOM
INSA,2021-12-02,12,2021,15.0,18.0,7.0,7.0,24.0,23.0,6.0,thueringen,TOM
INSA,2021-10-04,10,2021,15.0,21.0,7.0,8.0,20.0,24.0,5.0,thueringen,TOM
Infratestdimap,2021-07-27,7,2021,21.0,11.0,6.0,6.0,27.0,22.0,7.0,thueringen,TOM
INSA,2021-07-16,7,2021,21.0,9.0,7.0,8.0,27.0,22.0,6.0,thueringen,TOM
INSA,2021-06-17,6,2021,22.0,9.0,6.0,7.0,26.0,23.0,7.0,thueringen,TOM
INSA,2021-03-18,3,2021,19.0,9.0,8.0,6.0,30.0,23.0,5.0,thueringen,TOM
Infratestdimap,2021-03-02,3,2021,22.0,10.0,5.0,6.0,29.0,23.0,5.0,thueringen,T
INSA,2021-02-04,2,2021,22.0,7.0,8.0,6.0,31.0,23.0,3.0,thueringen,TOM
INSA,2020-11-06,11,2020,22.0,9.0,6.0,5.0,33.0,22.0,3.0,thueringen,TOM
INSA,2020-10-15,10,2020,22.0,8.0,7.0,4.0,33.0,22.0,4.0,thueringen,TOM
INSA,2020-09-04,9,2020,22.0,9.0,5.0,4.0,33.0,22.0,5.0,thueringen,TOM
Infratestdimap,2020-08-06,8,2020,24.0,10.0,6.0,4.0,32.0,20.0,4.0,thueringen,T
INSA,2020-07-30,7,2020,22.0,9.0,6.0,4.0,35.0,21.0,3.0,thueringen,TOM
INSA,2020-06-25,6,2020,22.0,9.0,6.0,3.0,35.0,22.0,3.0,thueringen,TOM
INSA,2020-05-21,5,2020,21.0,8.0,7.0,5.0,34.0,22.0,3.0,thueringen,TOM
INSA,2020-04-02,4,2020,18.0,7.0,7.0,4.0,37.0,23.0,4.0,thueringen,TOM
INSA,2020-03-12,3,2020,15.0,8.0,6.0,4.0,38.0,25.0,4.0,thueringen,TOM
INSA,2020-02-14,2,2020,14.0,7.0,6.0,4.0,40.0,25.0,4.0,thueringen,TOM
Infratestdimap,2020-02-10,2,2020,13.0,10.0,5.0,4.0,39.0,24.0,5.0,thueringen,T
Forsa,2020-02-07,2,2020,12.0,9.0,7.0,4.0,37.0,24.0,7.0,thueringen,T
INSA,2020-02-06,2,2020,19.0,6.0,6.0,7.0,34.0,23.0,5.0,thueringen,TOM
Infratestdimap,2020-01-28,1,2020,19.0,8.0,6.0,6.0,32.0,24.0,5.0,thueringen,T
FCW,2019-10-24,10,2019,26.0,9.0,7.0,5.0,28.0,21.0,4.0,thueringen,T
INSA,2019-10-24,10,2019,24.0,9.0,8.0,5.0,28.0,24.0,2.0,thueringen,TOM
Infratestdimap,2019-10-17,10,2019,24.0,8.0,7.0,4.0,29.0,24.0,4.0,thueringen,T
FCW,2019-10-17,10,2019,26.0,9.0,8.0,5.0,27.0,20.0,5.0,thueringen,T
INSA,2019-09-26,9,2019,23.0,9.0,9.0,4.0,29.0,24.0,2.0,thueringen,TOM
Infratestdimap,2019-09-16,9,2019,22.0,7.0,8.0,5.0,28.0,25.0,5.0,thueringen,T
Infratestdimap,2019-07-30,7,2019,21.0,8.0,11.0,5.0,25.0,24.0,6.0,thueringen,T
INSA,2019-06-27,6,2019,26.0,10.0,10.0,5.0,24.0,20.0,5.0,thueringen,TOM
INSA,2019-05-30,5,2019,26.0,11.0,8.0,5.0,25.0,20.0,5.0,thueringen,TOM
INSA,2019-04-25,4,2019,27.0,10.0,7.0,6.0,25.0,19.0,6.0,thueringen,TOM
Infratestdimap,2019-03-26,3,2019,28.0,11.0,8.0,5.0,24.0,20.0,4.0,thueringen,T
INSA,2019-03-26,3,2019,27.0,10.0,8.0,5.0,24.0,20.0,6.0,thueringen,TOM
INSA,2018-11-09,11,2018,23.0,12.0,12.0,6.0,22.0,22.0,3.0,thueringen,T
Infratestdimap,2018-08-28,8,2018,30.0,10.0,6.0,5.0,22.0,23.0,4.0,thueringen,T
INSA,2018-02-23,2,2018,32.0,10.0,7.0,5.0,24.0,18.0,4.0,thueringen,T
INSA,2017-10-23,10,2017,31.0,13.0,4.0,7.0,20.0,20.0,5.0,thueringen,T
INSA,2017-08-04,8,2017,37.0,11.0,4.0,5.0,22.0,18.0,3.0,thueringen,T
Infratestdimap,2017-06-22,6,2017,37.0,10.0,5.0,4.0,27.0,13.0,4.0,thueringen,T
INSA,2017-04-14,4,2017,33.0,15.0,5.0,4.0,22.0,19.0,2.0,thueringen,T
INSA,2016-12-02,12,2016,31.0,13.0,6.0,4.0,23.0,20.0,3.0,thueringen,T
Infratestdimap,2016-11-22,11,2016,32.0,12.0,6.0,3.0,23.0,21.0,3.0,thueringen,T
INSA,2016-06-22,6,2016,31.5,11.5,7.0,3.5,26.0,17.5,3.0,thueringen,T
Infratestdimap,2016-06-17,6,2016,32.0,11.0,7.0,0.0,25.0,19.0,6.0,thueringen,T
INSA,2016-04-20,4,2016,31.0,13.0,8.5,4.0,26.5,15.0,2.0,thueringen,T
INSA,2016-01-15,1,2016,33.5,14.5,7.0,0.0,27.0,13.5,4.5,thueringen,T
INSA,2015-10-16,10,2015,35.5,15.5,6.5,0.0,24.5,12.0,6.0,thueringen,T
INSA,2015-04-01,4,2015,38.0,11.0,7.0,3.0,28.0,7.0,6.0,thueringen,T
INSA,2015-02-03,2,2015,40.0,11.0,6.0,0.0,29.0,10.0,4.0,thueringen,T
FCW,2014-09-11,9,2014,36.0,16.0,5.5,0.0,26.0,8.0,8.5,thueringen,T
FCW,2014-09-04,9,2014,36.0,16.0,6.0,0.0,26.0,8.0,8.0,thueringen,T
INSA,2014-08-08,8,2014,34.0,19.0,6.0,4.0,26.0,5.0,6.0,thueringen,T
Infratestdimap,2014-03-14,3,2014,38.0,17.0,6.0,2.0,28.0,5.0,4.0,thueringen,T
INSA,2013-12-27,12,2013,35.0,18.0,7.0,2.0,27.0,5.0,0.0,thueringen,T
INSA,2013-11-09,11,2013,36.0,14.0,6.0,2.0,27.0,6.0,0.0,thueringen,T
Infratestdimap,2013-08-20,8,2013,43.0,20.0,7.0,2.0,20.0,0.0,8.0,thueringen,T
Infratestdimap,2013-07-05,7,2013,41.0,20.0,8.0,3.0,21.0,0.0,4.0,thueringen,T
Infratestdimap,2012-05-18,5,2012,35.0,24.0,6.0,2.0,23.0,0.0,4.0,thueringen,T
Infratestdimap,2010-05-05,5,2010,32.0,21.0,6.0,5.0,29.0,0.0,7.0,thueringen,T
