institute,client,date,CDU,SPD,GRÜNE,FDP,LINKE,AfD,Sonstige,state,CSU,FW,PIRATEN,NPD,SSW,method,timeframe
Infratestdimap,SWR,21.04.2022,26.0,15.0,28.0,11.0,3.0,9.0,8.0,baden-wuerttemberg,,,,,,TOM,1.17012.04.–19.04.
INSA,BILD,06.04.2022,23.0,19.0,25.0,11.0,3.0,10.0,9.0,baden-wuerttemberg,,,,,,O,1.00028.03.–04.04.
Infratestdimap,"SWR,Stuttgarter Zeitung",10.03.2022,24.0,18.0,27.0,13.0,3.0,9.0,6.0,baden-wuerttemberg,,,,,,TOM,1.15204.03.–08.03.
Infratestdimap,"SWR,Stuttgarter Zeitung",20.01.2022,23.0,16.0,26.0,12.0,4.0,11.0,8.0,baden-wuerttemberg,,,,,,TOM,1.16613.01.–18.01.
INSA,BILD,12.10.2021,20.0,21.0,24.0,16.0,3.0,9.0,7.0,baden-wuerttemberg,,,,,,O,1.00004.10.–11.10.
INSA,BILD,12.03.2021,23.0,11.0,32.0,11.0,4.0,13.0,6.0,baden-wuerttemberg,,,,,,TOM,1.06611.03.–12.03.
ForschungsgruppeWahlen,ZDF,11.03.2021,24.0,10.0,34.0,11.0,3.0,11.0,7.0,baden-wuerttemberg,,,,,,T,1.86708.03.–11.03.
ForschungsgruppeWahlen,ZDF,05.03.2021,24.0,10.0,35.0,10.0,3.0,11.0,7.0,baden-wuerttemberg,,,,,,T,1.03201.03.–04.03.
Infratestdimap,ARD,04.03.2021,25.0,10.0,33.0,10.0,4.0,12.0,6.0,baden-wuerttemberg,,,,,,TOM,1.18501.03.–03.03.
ForschungsgruppeWahlen,ZDF,05.02.2021,28.0,10.0,34.0,9.0,3.0,11.0,5.0,baden-wuerttemberg,,,,,,T,1.03201.02.–04.02.
Infratestdimap,"SWR,Stuttgarter Zeitung",04.02.2021,27.0,11.0,34.0,9.0,3.0,10.0,6.0,baden-wuerttemberg,,,,,,T,1.00001.02.–02.02.
INSA,BILD,13.01.2021,30.0,12.0,30.0,8.0,4.0,12.0,4.0,baden-wuerttemberg,,,,,,O,1.01005.01.–11.01.
Infratestdimap,SWR,17.12.2020,30.0,10.0,35.0,7.0,3.0,11.0,4.0,baden-wuerttemberg,,,,,,T,1.00114.12.–16.12.
INSA,BILD,19.11.2020,31.0,11.0,29.0,7.0,5.0,12.0,5.0,baden-wuerttemberg,,,,,,O,1.00110.11.–16.11.
Infratestdimap,"SWR,Stuttgarter Zeitung",15.10.2020,29.0,11.0,34.0,6.0,4.0,11.0,5.0,baden-wuerttemberg,,,,,,T,1.00108.10.–13.10.
INSA,BILD,10.09.2020,31.0,12.0,28.0,7.0,5.0,12.0,5.0,baden-wuerttemberg,,,,,,O,1.00002.09.–07.09.
Infratestdimap,SWR,30.04.2020,30.0,11.0,34.0,6.0,3.0,12.0,4.0,baden-wuerttemberg,,,,,,T,1.00327.04.–28.04.
INSA,BILD,22.04.2020,31.0,13.0,29.0,7.0,4.0,11.0,5.0,baden-wuerttemberg,,,,,,TOM,1.52315.04.–20.04.
Infratestdimap,"SWR,Stuttgarter Zeitung",12.03.2020,23.0,11.0,36.0,7.0,5.0,14.0,4.0,baden-wuerttemberg,,,,,,T,1.00105.03.–10.03.
INSA,BILD,30.10.2019,27.0,11.0,30.0,9.0,4.0,13.0,6.0,baden-wuerttemberg,,,,,,O,1.03623.10.–28.10.
Infratestdimap,"SWR,Stuttgarter Zeitung",19.09.2019,26.0,8.0,38.0,8.0,3.0,12.0,5.0,baden-wuerttemberg,,,,,,T,1.00416.09.–17.09.
Infratestdimap,"SWR,Stuttgarter Zeitung",28.03.2019,28.0,12.0,32.0,9.0,4.0,11.0,4.0,baden-wuerttemberg,,,,,,T,1.00220.03.–26.03.
INSA,BILD,15.02.2019,27.0,13.0,29.0,9.0,5.0,12.0,5.0,baden-wuerttemberg,,,,,,TOM,1.00607.02.–12.02.
Forsa,RTL/n-tv,04.02.2019,23.0,9.0,33.0,9.0,6.0,13.0,7.0,baden-wuerttemberg,,,,,,T,1.00729.01.–01.02.
Infratestdimap,"SWR,Stuttgarter Zeitung",12.09.2018,28.0,11.0,29.0,7.0,7.0,15.0,3.0,baden-wuerttemberg,,,,,,T,1.00305.09.–10.09.
INSA,BILD,12.09.2018,25.0,12.0,27.0,9.0,5.0,18.0,4.0,baden-wuerttemberg,,,,,,TOM,1.04601.09.–06.09.
Forsa,RTL/n-tv,25.02.2018,27.0,12.0,32.0,9.0,4.0,12.0,4.0,baden-wuerttemberg,,,,,,T,1.00308.02.–22.02.
Infratestdimap,"SWR,Stuttgarter Zeitung",31.01.2018,29.0,12.0,29.0,8.0,6.0,12.0,4.0,baden-wuerttemberg,,,,,,T,1.00326.01.–30.01.
Infratestdimap,"SWR,Stuttgarter Zeitung",09.03.2017,28.0,20.0,27.0,7.0,4.0,11.0,3.0,baden-wuerttemberg,,,,,,T,1.00403.03.–07.03.
Infratestdimap,"SWR,Stuttgarter Zeitung",15.09.2016,26.0,13.0,31.0,7.0,3.0,17.0,3.0,baden-wuerttemberg,,,,,,T,1.00109.09.–13.09.
ForschungsgruppeWahlen,ZDF,10.03.2016,29.0,14.0,32.0,6.0,4.0,11.0,4.0,baden-wuerttemberg,,,,,,T,1.71107.03.–10.03.
YouGov,YouGov,10.03.2016,30.0,12.0,32.0,8.0,4.0,11.0,3.0,baden-wuerttemberg,,,,,,O,97402.03.–09.03.
Forsa,RTL,09.03.2016,27.0,16.0,32.0,7.0,3.0,11.0,4.0,baden-wuerttemberg,,,,,,T,1.00202.03.–08.03.
INSA,BILD,07.03.2016,28.5,12.5,33.5,6.0,3.0,12.5,4.0,baden-wuerttemberg,,,,,,T,1.00501.03.–05.03.
ForschungsgruppeWahlen,ZDF,04.03.2016,30.0,13.0,32.0,7.0,4.0,11.0,3.0,baden-wuerttemberg,,,,,,T,1.05829.02.–03.03.
Infratestdimap,ARD,03.03.2016,28.0,13.0,32.0,8.0,4.0,13.0,2.0,baden-wuerttemberg,,,,,,T,1.00229.02.–02.03.
INSA,BILD,28.02.2016,30.0,16.5,30.5,6.5,3.5,9.0,4.0,baden-wuerttemberg,,,,,,T,1.03025.02.–27.02.
Forsa,"EZ,  LKZ,  PZ,  GEA",26.02.2016,30.0,16.0,30.0,6.0,3.0,11.0,4.0,baden-wuerttemberg,,,,,,T,1.06916.02.–22.02.
INSA,BILD,22.02.2016,30.0,16.0,30.5,7.0,3.0,10.0,3.5,baden-wuerttemberg,,,,,,T,1.00019.02.–20.02.
Infratestdimap,"SWR,Stuttgarter Zeitung",18.02.2016,31.0,14.0,28.0,8.0,4.0,12.0,3.0,baden-wuerttemberg,,,,,,T,1.00011.02.–16.02.
CustomerResearch 42,SchwäbischeZeitung,12.02.2016,33.1,15.6,26.1,5.1,5.5,10.5,4.1,baden-wuerttemberg,,,,,,T,1.00027.01.–07.02.
INSA,BILD,05.02.2016,33.5,13.5,28.5,7.0,3.5,10.0,4.0,baden-wuerttemberg,,,,,,T,1.00026.01.–01.02.
ForschungsgruppeWahlen,ZDF,21.01.2016,34.0,15.0,28.0,6.0,3.0,11.0,3.0,baden-wuerttemberg,,,,,,T,1.06918.01.–20.01.
INSA,CDU-LV,20.01.2016,35.0,13.0,29.0,6.5,2.5,11.5,2.5,baden-wuerttemberg,,,,,,T,1.00011.01.–18.01.
Infratestdimap,"SWR,Stuttgarter Zeitung",14.01.2016,35.0,15.0,28.0,6.0,3.0,10.0,3.0,baden-wuerttemberg,,,,,,T,1.00007.01.–12.01.
Forsa,stern,15.12.2015,35.0,19.0,28.0,5.0,3.0,7.0,3.0,baden-wuerttemberg,,,,,,T,1.06402.12.–11.12.
Infratestdimap,"SWR,Stuttgarter Zeitung",03.12.2015,37.0,18.0,25.0,5.0,4.0,8.0,3.0,baden-wuerttemberg,,,,,,T,1.00026.11.–01.12.
ForschungsgruppeWahlen,ZDF,20.11.2015,37.0,18.0,27.0,5.0,3.0,6.0,4.0,baden-wuerttemberg,,,,,,T,1.04016.11.–18.11.
INSA,BILD,09.10.2015,40.0,16.0,24.0,5.0,5.0,8.0,2.0,baden-wuerttemberg,,,,,,T,1.00324.09.–06.10.
Infratestdimap,"SWR,Stuttgarter Zeitung",24.09.2015,39.0,17.0,26.0,5.0,4.0,5.0,4.0,baden-wuerttemberg,,,,,,T,1.00017.09.–22.09.
Allensbach,Allensbach,11.09.2015,40.5,20.0,24.0,4.5,4.0,3.0,4.0,baden-wuerttemberg,,,,,,F,1.04718.07.–12.08.
Forsa,stern,12.05.2015,38.0,20.0,26.0,4.0,4.0,4.0,4.0,baden-wuerttemberg,,,,,,T,1.01023.04.–07.05.
Infratestdimap,"SWR,Stuttgarter Zeitung",26.03.2015,38.0,18.0,25.0,5.0,5.0,4.0,5.0,baden-wuerttemberg,,,,,,T,1.00019.03.–24.03.
Infratestdimap,"SWR,Stuttgarter Zeitung",13.11.2014,41.0,20.0,22.0,3.0,4.0,5.0,5.0,baden-wuerttemberg,,,,,,T,1.00010.11.–11.11.
TNS Infratest,SPD-LTFraktion,17.09.2014,41.0,19.0,23.0,4.0,4.0,4.0,,baden-wuerttemberg,,,,,,T,???.07.–??.07.
Infratestdimap,SWR,13.05.2014,41.0,20.0,21.0,3.0,4.0,6.0,5.0,baden-wuerttemberg,,,,,,T,1.00006.05.–11.05.
Infratestdimap,"SWR,Stuttgarter Zeitung",07.11.2013,43.0,19.0,22.0,4.0,4.0,5.0,3.0,baden-wuerttemberg,,,,,,T,1.00404.11.–05.11.
Infratestdimap,"SWR,Stuttgarter Zeitung",18.08.2011,36.0,23.0,29.0,4.0,3.0,,5.0,baden-wuerttemberg,,,,,,T,1.00016.08.–17.08.
Forsa,"stern.de, RTL",04.05.2011,36.0,22.0,30.0,4.0,2.0,,,baden-wuerttemberg,,,,,,T,1.00418.04.–29.04.
Infratestdimap,BR,19.01.2022,,14.0,16.0,7.0,,10.0,9.0,bayern,36.0,8.0,,,,T,1.17113.01.–17.01
INSA,BILD,12.10.2021,,20.0,15.0,11.0,2.0,8.0,4.0,bayern,32.0,8.0,,,,O,1.00004.10.–11.10.
INSA,BILD,21.07.2021,,10.0,21.0,8.0,3.0,8.0,3.0,bayern,37.0,10.0,,,,O,1.00012.07.–19.07.
Forsa,RTL/n-tv,19.05.2021,,7.0,22.0,6.0,3.0,9.0,6.0,bayern,38.0,9.0,,,,T,1.01610.05.–17.05.
INSA,BILD,27.04.2021,,9.0,24.0,7.0,3.0,9.0,3.0,bayern,36.0,9.0,,,,O,1.40022.04.–27.04.
INSA,FDP LV,28.01.2021,,9.0,18.0,5.0,3.0,7.0,4.0,bayern,46.0,8.0,,,,O,1.01621.01.–26.01.
Infratestdimap,BR,13.01.2021,,7.0,19.0,3.0,3.0,7.0,5.0,bayern,48.0,8.0,,,,T,1.00007.01.–11.11
Infratestdimap,BR,07.10.2020,,8.0,21.0,3.0,3.0,8.0,5.0,bayern,45.0,7.0,,,,T,1.00130.09.–05.10
INSA,BILD,11.08.2020,,10.0,18.0,3.0,3.0,7.0,5.0,bayern,47.0,7.0,,,,O,1.00105.08.–10.08.
Infratestdimap,BR,22.07.2020,,7.0,20.0,3.0,3.0,7.0,6.0,bayern,49.0,5.0,,,,T,1.00315.07.–22.07.
INSA,BILD,30.05.2020,,10.0,17.0,4.0,3.0,7.0,5.0,bayern,46.0,8.0,,,,TOM,1.01419.05.–25.05.
Infratestdimap,BR,27.05.2020,,9.0,19.0,3.0,3.0,5.0,5.0,bayern,48.0,8.0,,,,T,1.00020.05.–25.05.
Infratestdimap,BR,08.04.2020,,10.0,17.0,,3.0,6.0,7.0,bayern,49.0,8.0,,,,T,1.00302.04.–06.04.
Infratestdimap,BR,15.01.2020,,7.0,25.0,4.0,3.0,10.0,5.0,bayern,36.0,10.0,,,,T,1.00408.01.–13.01.
INSA,BILD,25.09.2019,,9.0,22.0,5.0,3.0,11.0,4.0,bayern,36.0,10.0,,,,TOM,1.03416.09.–23.09.
Forsa,RTL/n-tv,28.01.2019,,6.0,23.0,5.0,3.0,8.0,5.0,bayern,38.0,12.0,,,,T,1.00322.01.–25.01.
Infratestdimap,BR,09.01.2019,,9.0,21.0,6.0,3.0,8.0,5.0,bayern,35.0,13.0,,,,T,1.00303.01.–07.01.
GMS,Sat.1Bayern,03.01.2019,,9.0,18.0,5.0,4.0,10.0,5.0,bayern,38.0,11.0,,,,T,1.00327.12.–02.01.
Forschungs-gruppe Wahlen,ZDF,11.10.2018,,12.0,19.0,5.5,4.0,10.0,5.5,bayern,34.0,10.0,,,,T,1.07510.10.–11.10.
INSA,BILD,09.10.2018,,10.0,18.0,5.5,4.5,14.0,4.0,bayern,33.0,11.0,,,,TOM,1.70702.10.–08.10.
Forschungs-gruppe Wahlen,ZDF,05.10.2018,,12.0,18.0,5.5,4.5,10.0,5.0,bayern,35.0,10.0,,,,T,1.12201.10.–04.10.
Infratestdimap,ARD,04.10.2018,,11.0,18.0,6.0,4.5,10.0,6.5,bayern,33.0,11.0,,,,T,1.00201.10.–02.10.
GMS,Sat.1Bayern,27.09.2018,,13.0,16.0,5.0,4.0,12.0,5.0,bayern,35.0,10.0,,,,T,1.00420.09.–26.09.
INSA,BILD,26.09.2018,,11.0,17.0,6.0,4.0,14.0,4.0,bayern,34.0,10.0,,,,TOM,1.06421.09.–25.09.
Forschungs-gruppe Wahlen,ZDF,21.09.2018,,13.0,18.0,5.0,4.0,10.0,4.0,bayern,35.0,11.0,,,,T,1.11417.09.–19.09.
Infratestdimap,BayerischerRundfunk,12.09.2018,,11.0,17.0,5.0,5.0,11.0,5.0,bayern,35.0,11.0,,,,T,1.00005.09.–10.09.
GMS,Sat.1Bayern,10.09.2018,,12.0,16.0,6.0,4.0,14.0,5.0,bayern,36.0,7.0,,,,T,1.00604.09.–10.09.
INSA,BILD,28.08.2018,,13.0,15.0,6.0,3.0,14.0,5.0,bayern,36.0,8.0,,,,TOM,1.03323.08.–27.08.
Forsa,RTL/n-tv,13.08.2018,,12.0,17.0,5.0,4.0,13.0,4.0,bayern,37.0,8.0,,,,T,1.10525.07.–09.08.
GMS,Sat.1Bayern,01.08.2018,,12.0,14.0,6.0,3.0,13.0,5.0,bayern,39.0,8.0,,,,T,1.00425.07.–31.07.
Infratestdimap,BayerischerRundfunk,18.07.2018,,13.0,16.0,5.0,4.0,12.0,3.0,bayern,38.0,9.0,,,,T,1.00311.07.–16.07.
GMS,Sat.1Bayern,12.07.2018,,12.0,14.0,6.0,3.0,14.0,5.0,bayern,39.0,7.0,,,,T,1.00705.07.–11.07.
Forsa,RTL/n-tv,09.07.2018,,12.0,15.0,6.0,3.0,14.0,4.0,bayern,38.0,8.0,,,,T,1.00304.07.–06.07.
INSA,BILD,27.06.2018,,13.0,13.0,5.0,3.0,14.0,5.0,bayern,41.0,6.0,,,,TOM,1.23125.06.–27.06.
Forsa,RTL/n-tv,25.06.2018,,13.0,14.0,5.0,3.0,13.0,4.0,bayern,40.0,8.0,,,,T,1.03321.06.–22.06.
GMS,Sat.1Bayern,17.05.2018,,13.0,12.0,5.0,2.0,13.0,6.0,bayern,42.0,7.0,,,,T,1.00511.05.–16.05.
Infratestdimap,BayerischerRundfunk,02.05.2018,,12.0,14.0,6.0,3.0,12.0,5.0,bayern,41.0,7.0,,,,T,1.00222.04.–27.04.
GMS,Sat.1Bayern,27.04.2018,,14.0,11.0,5.0,3.0,12.0,5.0,bayern,44.0,6.0,,,,T,1.00220.04.–26.04.
INSA,BILD,21.04.2018,,13.0,13.0,7.0,3.0,13.0,3.0,bayern,42.0,6.0,,,,O,1.00517.04.–20.04.
GMS,Sat.1Bayern,22.03.2018,,15.0,11.0,6.0,3.0,12.0,4.0,bayern,43.0,6.0,,,,T,1.00416.03.–21.03.
Forsa,RTL/n-tv,25.02.2018,,14.0,14.0,6.0,3.0,10.0,4.0,bayern,42.0,7.0,,,,T,1.02708.02.–22.02.
GMS,Sat.1Bayern,12.02.2018,,15.0,11.0,6.0,3.0,12.0,7.0,bayern,40.0,6.0,,,,T,1.51001.02.–09.02.
Infratestdimap,BayerischerRundfunk,10.01.2018,,16.0,14.0,5.0,3.0,10.0,5.0,bayern,40.0,7.0,,,,T,1.00203.01.–08.01.
GMS,Sat.1Bayern,02.01.2018,,15.0,10.0,7.0,3.0,12.0,7.0,bayern,39.0,7.0,,,,T,1.00727.12.–01.01.
INSA,BILD,13.12.2017,,15.0,12.0,7.0,4.0,12.0,3.0,bayern,40.0,7.0,,,,TOM,1.00312.12.–13.12.
GMS,Sat.1Bayern,30.11.2017,,15.0,10.0,8.0,3.0,14.0,6.0,bayern,37.0,7.0,,,,T,1.00627.11.–29.11.
Forsa,"RTL, n-tv",10.11.2017,,17.0,11.0,9.0,4.0,11.0,3.0,bayern,38.0,7.0,,,,T,1.01706.11.–09.11.
INSA,BILD,05.11.2017,,17.0,10.0,8.0,4.0,13.0,3.0,bayern,37.0,8.0,,,,TOM,1.03302.11.–03.11.
GMS,Sat.1Bayern,19.10.2017,,15.0,11.0,7.0,3.0,13.0,4.0,bayern,41.0,6.0,,,,T,1.00413.10.–18.10.
Infratestdimap,BayerischerRundfunk,11.01.2017,,14.0,13.0,4.0,3.0,10.0,4.0,bayern,45.0,7.0,,,,T,1.00104.01.–09.01.
GMS,Sat.1Bayern,03.11.2016,,18.0,10.0,6.0,2.0,9.0,5.0,bayern,44.0,6.0,,,,T,1.00527.10.–02.11.
GMS,Sat.1Bayern,13.10.2016,,19.0,10.0,5.0,2.0,9.0,4.0,bayern,45.0,6.0,,,,T,1.01307.10.–12.10.
GMS,Sat.1Bayern,15.09.2016,,18.0,12.0,5.0,2.0,9.0,4.0,bayern,45.0,5.0,,,,T,1.01509.09.–14.09.
Forsa,stern,20.07.2016,,16.0,14.0,4.0,3.0,8.0,6.0,bayern,43.0,6.0,,,,T,1.00804.07.–15.07.
Infratestdimap,ARD,17.07.2016,,17.0,13.0,4.0,,9.0,7.0,bayern,45.0,5.0,,,,T,1.00011.07.–14.07.
GMS,Sat.1Bayern,14.07.2016,,17.0,11.0,5.0,2.0,7.0,5.0,bayern,47.0,6.0,,,,T,1.01508.07.–13.07.
INSA,Cicero,14.06.2016,,17.5,11.5,3.5,3.5,7.0,5.0,bayern,47.5,4.5,,,,T,1.69817.05.–08.06.
Forsa,stern,08.06.2016,,16.0,14.0,4.0,3.0,10.0,7.0,bayern,40.0,6.0,,,,T,1.01023.05.–03.06.
GMS,Sat.1Bayern,02.06.2016,,17.0,10.0,5.0,2.0,8.0,4.0,bayern,48.0,6.0,,,,T,1.02127.05.–01.06.
GMS,Sat.1Bayern,21.04.2016,,16.0,10.0,5.0,2.0,9.0,4.0,bayern,48.0,6.0,,,,T,1.01815.04.–19.04.
GMS,Sat.1Bayern,17.03.2016,,16.0,11.0,5.0,2.0,9.0,4.0,bayern,48.0,5.0,,,,T,1.01514.03.–16.03.
GMS,Sat.1Bayern,18.02.2016,,17.0,11.0,4.0,2.0,9.0,6.0,bayern,46.0,5.0,,,,T,1.01012.02.–17.02.
Infratestdimap,BayerischerRundfunk,13.01.2016,,16.0,12.0,3.0,3.0,8.0,6.0,bayern,47.0,5.0,,,,T,1.00007.01.–11.01.
GMS,Sat.1Bayern,04.01.2016,,19.0,10.0,4.0,3.0,7.0,6.0,bayern,45.0,6.0,,,,T,1.01928.12.–03.01.
GMS,Sat.1Bayern,19.11.2015,,18.0,11.0,4.0,3.0,8.0,5.0,bayern,46.0,5.0,,,,T,1.01612.11.–18.11.
GMS,Sat.1Bayern,08.10.2015,,18.0,12.0,6.0,,5.0,7.0,bayern,46.0,6.0,,,,T,1.01901.10.–07.10.
Forsa,stern,07.10.2015,,19.0,11.0,4.0,3.0,6.0,9.0,bayern,43.0,5.0,,,,T,1.00723.09.–02.10.
GMS,Sat.1Bayern,17.09.2015,,20.0,10.0,5.0,,2.0,8.0,bayern,49.0,6.0,,,,T,1.00710.09.–16.09.
GMS,Sat.1Bayern,23.07.2015,,20.0,10.0,5.0,,2.0,10.0,bayern,47.0,6.0,,,,T,1.01116.07.–22.07.
GMS,Sat.1Bayern,25.06.2015,,19.0,9.0,5.0,2.0,4.0,6.0,bayern,48.0,7.0,,,,T,1.01218.06.–24.06.
INSA,BILD,19.06.2015,,20.0,8.0,4.0,3.0,4.0,7.0,bayern,46.0,8.0,,,,O,65105.06.–15.06.
GMS,Sat.1Bayern,15.05.2015,,18.0,10.0,4.0,,5.0,8.0,bayern,48.0,7.0,,,,T,1.00807.05.–13.05.
GMS,Sat.1Bayern,16.04.2015,,19.0,10.0,4.0,2.0,4.0,6.0,bayern,48.0,7.0,,,,T,1.01609.04.–15.04.
Forsa,stern,08.04.2015,,19.0,11.0,3.0,2.0,4.0,7.0,bayern,47.0,7.0,,,,T,1.26619.03.–31.03.
Infratestdimap,BayerischerRundfunk,14.01.2015,,19.0,9.0,3.0,3.0,4.0,6.0,bayern,46.0,10.0,,,,T,1.00408.01.–12.01.
pollytix,SPD-Landesverband,12.01.2015,,20.0,10.0,2.0,3.0,6.0,4.0,bayern,47.0,8.0,,,,O,1.70013.11.–23.11.
GMS,?(Quelle: PNP),03.12.2014,,18.0,9.0,2.0,2.0,5.0,,bayern,49.0,7.0,,,,T,2.000??.11.–??.11.
Emnid,Emnid,13.11.2014,,18.0,9.0,2.0,2.0,5.0,7.0,bayern,48.0,9.0,,,,T,2.11401.10.–04.11.
Infratestdimap,BayerischerRundfunk,16.03.2014,,18.0,11.0,,,,13.0,bayern,46.0,12.0,,,,T,1.00210.03.–12.03.
Infratestdimap,BayerischerRundfunk,15.01.2014,,19.0,10.0,4.0,2.0,,7.0,bayern,49.0,9.0,,,,T,1.00409.01.–13.01.
Infratestdimap,"RBB, BerlinerMorgenpost",23.03.2022,20.0,20.0,21.0,8.0,12.0,8.0,11.0,berlin,,,,,,TOM,1.17016.03.–19.03.
INSA,BILD,14.12.2021,19.0,22.0,20.0,7.0,15.0,9.0,8.0,berlin,,,,,,O,1.00006.12.–13.12.
Forschungs-gruppe Wahlen,ZDF,23.09.2021,17.0,22.0,19.0,7.0,13.0,9.0,13.0,berlin,,,,,,T,1.10320.09.–22.09.
Forschungs-gruppe Wahlen,ZDF,17.09.2021,17.0,21.0,20.0,8.0,12.0,9.0,13.0,berlin,,,,,,T,1.00013.09.–16.09.
Infratestdimap,"RBB, BerlinerMorgenpost",25.08.2021,19.0,23.0,17.0,8.0,12.0,11.0,10.0,berlin,,,,,,TOM,1.16018.08.–21.08.
Forsa,Der Haupt-stadtbrief,13.08.2021,17.0,21.0,21.0,7.0,14.0,10.0,10.0,berlin,,,,,,T,2.00705.08.–10.08.
Infratestdimap,"RBB, BerlinerMorgenpost",16.06.2021,21.0,17.0,22.0,9.0,12.0,10.0,9.0,berlin,,,,,,TOM,1.19809.06.–14.06.
Infratestdimap,"RBB, BerlinerMorgenpost",28.04.2021,18.0,17.0,27.0,7.0,14.0,9.0,8.0,berlin,,,,,,TOM,20.04.–24.04.
INSA,BILD,23.04.2021,16.0,19.0,25.0,10.0,14.0,12.0,4.0,berlin,,,,,,O,1.02412.04.–20.04.
Infratestdimap,"RBB, BerlinerMorgenpost",24.02.2021,22.0,18.0,23.0,6.0,15.0,9.0,7.0,berlin,,,,,,T,1.00716.02.–20.02.
INSA,BILD,18.12.2020,22.0,18.0,18.0,7.0,16.0,12.0,7.0,berlin,,,,,,O,1.00211.12.–18.12.
INSA,BILD,12.10.2020,21.0,18.0,20.0,6.0,16.0,12.0,7.0,berlin,,,,,,O,1.00728.09.–05.10.
Infratestdimap,"RBB, BerlinerMorgenpost",23.09.2020,22.0,15.0,26.0,6.0,15.0,10.0,6.0,berlin,,,,,,T,1.00115.09.–19.09.
INSA,BILD,15.07.2020,21.0,16.0,19.0,5.0,18.0,12.0,9.0,berlin,,,,,,O,1.01207.07.–13.07.
Infratestdimap,"RBB, BerlinerMorgenpost",29.04.2020,23.0,20.0,21.0,5.0,14.0,10.0,7.0,berlin,,,,,,T,1.00222.04.–25.04.
Forsa,BerlinerZeitung,11.02.2020,16.0,15.0,25.0,6.0,17.0,11.0,10.0,berlin,,,,,,T,1.01129.01.–06.02.
INSA,BILD,02.01.2020,18.0,15.0,23.0,7.0,19.0,13.0,5.0,berlin,,,,,,O,1.00610.12.–18.12.
Forsa,BerlinerZeitung,26.12.2019,17.0,15.0,22.0,6.0,19.0,11.0,10.0,berlin,,,,,,T,1.00512.12.–19.12.
Forsa,BerlinerZeitung,03.12.2019,17.0,16.0,24.0,5.0,17.0,11.0,10.0,berlin,,,,,,T,1.00621.11.–28.11.
Infratestdimap,"RBB, BerlinerMorgenpost",20.11.2019,18.0,16.0,23.0,5.0,17.0,14.0,7.0,berlin,,,,,,T,1.00311.11.–16.11.
Forsa,BerlinerZeitung,06.11.2019,18.0,15.0,25.0,5.0,16.0,11.0,10.0,berlin,,,,,,T,1.00222.10.–31.10.
Forsa,BerlinerZeitung,02.10.2019,17.0,16.0,24.0,6.0,16.0,11.0,10.0,berlin,,,,,,T,1.00217.09.–26.09.
INSA,BILD,18.09.2019,17.0,15.0,24.0,6.0,18.0,14.0,6.0,berlin,,,,,,O,1.01810.09.–16.09.
Forsa,BerlinerZeitung,31.08.2019,16.0,16.0,24.0,6.0,17.0,11.0,10.0,berlin,,,,,,T,1.00320.08.–29.08.
Forsa,BerlinerZeitung,29.07.2019,17.0,16.0,25.0,5.0,18.0,10.0,9.0,berlin,,,,,,T,1.00117.07.–25.07.
Forsa,BerlinerZeitung,01.07.2019,17.0,15.0,25.0,7.0,17.0,10.0,9.0,berlin,,,,,,T,1.00417.06.–27.06.
Forsa,BerlinerZeitung,03.06.2019,15.0,16.0,26.0,7.0,17.0,11.0,8.0,berlin,,,,,,T,1.00620.05.–27.05.
Infratestdimap,"RBB, BerlinerMorgenpost",08.05.2019,17.0,15.0,23.0,6.0,19.0,10.0,10.0,berlin,,,,,,T,1.00030.04.–04.05.
Forsa,BerlinerZeitung,26.04.2019,17.0,16.0,25.0,7.0,18.0,11.0,6.0,berlin,,,,,,T,1.00516.04.–25.04.
INSA,B.Z.,09.04.2019,19.0,16.0,19.0,9.0,19.0,12.0,6.0,berlin,,,,,,O,1.03005.04.–08.04.
Forsa,BerlinerZeitung,04.04.2019,18.0,15.0,25.0,8.0,18.0,10.0,6.0,berlin,,,,,,T,1.00319.03.–28.03.
Forsa,BerlinerZeitung,05.03.2019,20.0,17.0,22.0,7.0,18.0,11.0,5.0,berlin,,,,,,T,1.00120.02.–28.02.
Forsa,BerlinerZeitung,05.02.2019,19.0,16.0,21.0,8.0,20.0,11.0,5.0,berlin,,,,,,T,1.00222.01.–31.01.
Forsa,BerlinerZeitung,01.01.2019,17.0,15.0,23.0,7.0,18.0,13.0,7.0,berlin,,,,,,T,1.00911.12.–19.12.
INSA,BILD,18.12.2018,18.0,16.0,21.0,8.0,16.0,14.0,7.0,berlin,,,,,,TOM,1.00710.12.–17.12.
Forsa,BerlinerZeitung,06.12.2018,18.0,15.0,23.0,7.0,18.0,13.0,6.0,berlin,,,,,,T,1.00319.11.–29.11.
Infratestdimap,"RBB, BerlinerMorgenpost",21.11.2018,18.0,15.0,24.0,6.0,18.0,13.0,6.0,berlin,,,,,,T,1.00214.11.–17.11.
INSA,BILD,07.11.2018,16.0,16.0,22.0,7.0,17.0,15.0,7.0,berlin,,,,,,TOM,1.01923.10.–02.11.
Forsa,BerlinerZeitung,26.10.2018,16.0,15.0,22.0,8.0,19.0,13.0,7.0,berlin,,,,,,T,1.005??.10.–??.10.
Forsa,BerlinerZeitung,01.10.2018,17.0,16.0,18.0,7.0,22.0,13.0,7.0,berlin,,,,,,T,1.00519.09.–27.09.
Forsa,BerlinerZeitung,03.09.2018,19.0,17.0,18.0,6.0,21.0,12.0,7.0,berlin,,,,,,T,1.00421.08.–30.08.
Forsa,BerlinerZeitung,31.07.2018,19.0,17.0,17.0,7.0,21.0,13.0,6.0,berlin,,,,,,T,1.00916.07.–26.07.
Forsa,BerlinerZeitung,01.07.2018,18.0,19.0,16.0,8.0,21.0,11.0,7.0,berlin,,,,,,T,1.00920.06.–28.06.
Forsa,BerlinerZeitung,01.06.2018,19.0,18.0,18.0,7.0,20.0,11.0,7.0,berlin,,,,,,T,1.00422.05.–31.05.
Infratestdimap,"RBB, BerlinerMorgenpost",16.05.2018,21.0,18.0,15.0,6.0,22.0,11.0,7.0,berlin,,,,,,T,1.00009.05–12.05.
Forsa,BerlinerZeitung,04.05.2018,19.0,19.0,18.0,7.0,19.0,11.0,7.0,berlin,,,,,,T,1.00117.04.–26.04.
Forsa,BerlinerZeitung,04.04.2018,20.0,20.0,17.0,7.0,18.0,12.0,6.0,berlin,,,,,,T,1.00319.03.–28.03.
Forsa,BerlinerZeitung,26.02.2018,19.0,19.0,18.0,6.0,20.0,12.0,6.0,berlin,,,,,,T,1.00612.02.–22.02.
Forsa,BerlinerZeitung,31.01.2018,19.0,20.0,17.0,7.0,18.0,11.0,8.0,berlin,,,,,,T,1.00815.01.–25.01.
Forsa,BerlinerZeitung,02.01.2018,20.0,20.0,17.0,6.0,18.0,11.0,8.0,berlin,,,,,,T,1.00212.12.–21.12.
Forsa,BerlinerZeitung,26.11.2017,21.0,18.0,16.0,8.0,18.0,11.0,8.0,berlin,,,,,,T,1.00213.11.–23.11.
Forsa,BerlinerZeitung,01.11.2017,20.0,19.0,14.0,9.0,18.0,11.0,9.0,berlin,,,,,,T,1.01117.10.–26.10.
Forsa,BerlinerZeitung,08.10.2017,19.0,18.0,15.0,9.0,19.0,11.0,9.0,berlin,,,,,,T,1.00226.09.–05.10.
Infratestdimap,"RBB, BerlinerMorgenpost",12.09.2017,23.0,21.0,14.0,7.0,19.0,10.0,6.0,berlin,,,,,,T,1.00006.09.–09.09.
Forsa,BerlinerZeitung,03.09.2017,21.0,19.0,14.0,11.0,17.0,9.0,9.0,berlin,,,,,,T,1.00522.08.–30.08.
Forsa,BerlinerZeitung,01.08.2017,22.0,20.0,14.0,9.0,18.0,8.0,9.0,berlin,,,,,,T,1.00718.07.–27.07.
Forsa,BerlinerZeitung,06.07.2017,22.0,21.0,14.0,9.0,17.0,8.0,9.0,berlin,,,,,,T,1.00322.06.–29.06.
Forsa,BerlinerZeitung,30.05.2017,23.0,22.0,13.0,8.0,16.0,8.0,10.0,berlin,,,,,,T,1.00116.05.–24.05.
Infratestdimap,"RBB, BerlinerMorgenpost",23.05.2017,24.0,22.0,13.0,8.0,17.0,10.0,6.0,berlin,,,,,,T,1.00017.05.–20.05.
Forsa,BerlinerZeitung,03.05.2017,20.0,24.0,12.0,8.0,16.0,9.0,11.0,berlin,,,,,,T,1.00219.04.–27.04.
Forsa,BerlinerZeitung,03.04.2017,20.0,25.0,13.0,7.0,16.0,8.0,11.0,berlin,,,,,,T,1.00520.03.–30.03.
Forsa,BerlinerZeitung,27.02.2017,17.0,25.0,13.0,8.0,16.0,10.0,11.0,berlin,,,,,,T,1.00413.02.–23.02.
Forsa,BerlinerZeitung,30.01.2017,20.0,20.0,15.0,8.0,16.0,12.0,9.0,berlin,,,,,,T,1.00816.01.–26.01.
Forsa,BerlinerZeitung,02.01.2017,20.0,20.0,16.0,7.0,17.0,12.0,8.0,berlin,,,,,,T,1.00312.12.–23.12.
Forsa,BerlinerZeitung,27.11.2016,20.0,19.0,17.0,7.0,16.0,13.0,8.0,berlin,,,,,,T,1.00114.11.–24.11.
Infratestdimap,"RBB, BerlinerMorgenpost",24.11.2016,19.0,21.0,15.0,7.0,17.0,13.0,8.0,berlin,,,,,,T,1.00321.11.–23.11.
Forsa,BerlinerZeitung,30.10.2016,18.0,20.0,16.0,7.0,16.0,13.0,10.0,berlin,,,,,,T,1.00219.10.–27.10.
Forschungs-gruppe Wahlen,ZDF,15.09.2016,18.0,23.0,15.0,6.5,14.5,14.0,9.0,berlin,,,,,,T,1.42014.09.–15.09.
Forsa,BerlinerZeitung,15.09.2016,17.0,24.0,17.0,5.0,15.0,13.0,6.0,berlin,,,3.0,,,T,1.00505.09.–14.09.
INSA,Cicero,12.09.2016,18.0,22.0,18.0,6.0,14.0,14.0,8.0,berlin,,,,,,T,1.00005.09.–09.09.
Forschungs-gruppe Wahlen,ZDF,09.09.2016,19.0,24.0,15.0,5.0,14.0,14.0,9.0,berlin,,,,,,T,1.33406.09.–08.09.
Infratestdimap,ARD,08.09.2016,19.0,21.0,16.0,5.0,15.0,15.0,9.0,berlin,,,,,,T,1.00206.09.–07.09.
Forsa,BerlinerZeitung,29.08.2016,17.0,24.0,19.0,5.0,17.0,10.0,8.0,berlin,,,,,,T,1.00916.08.–25.08.
Infratestdimap,"RBB, BerlinerMorgenpost",17.08.2016,20.0,21.0,17.0,5.0,16.0,15.0,6.0,berlin,,,,,,T,1.00111.08.–15.08.
INSA,BILD,11.08.2016,18.0,23.0,19.0,5.0,15.0,14.0,3.0,berlin,,,3.0,,,T,1.00002.08.–09.08.
Forsa,BerlinerZeitung,31.07.2016,18.0,26.0,20.0,5.0,16.0,8.0,7.0,berlin,,,,,,T,1.00218.07.–28.07.
Infratestdimap,"RBB, BerlinerMorgenpost",13.07.2016,20.0,21.0,19.0,4.0,18.0,13.0,5.0,berlin,,,,,,T,1.00007.07.–11.07.
INSA,BILD,07.07.2016,19.0,21.0,19.0,4.0,18.0,14.0,4.0,berlin,,,1.0,,,T,1.00323.06.–04.07.
Forsa,BerlinerZeitung,04.07.2016,18.0,27.0,19.0,6.0,14.0,8.0,8.0,berlin,,,,,,T,1.00120.06.–30.06.
Infratestdimap,"RBB, BerlinerMorgenpost",15.06.2016,18.0,23.0,19.0,4.0,17.0,15.0,4.0,berlin,,,,,,T,1.00009.06.–13.06.
Forsa,BerlinerZeitung,27.05.2016,18.0,26.0,20.0,5.0,14.0,8.0,6.0,berlin,,,3.0,,,T,1.00317.05.–25.05.
Infratestdimap,"RBB, BerlinerMorgenpost",11.05.2016,19.0,23.0,18.0,4.0,16.0,15.0,5.0,berlin,,,,,,T,1.00304.05.–09.05.
Forsa,BerlinerZeitung,29.04.2016,18.0,27.0,20.0,6.0,14.0,7.0,5.0,berlin,,,3.0,,,T,1.00218.04.–28.04.
Infratestdimap,"RBB, BerlinerMorgenpost",13.04.2016,21.0,23.0,17.0,5.0,16.0,13.0,5.0,berlin,,,,,,T,1.00007.04.–11.04.
Forsa,BerlinerZeitung,29.03.2016,19.0,27.0,18.0,6.0,14.0,9.0,5.0,berlin,,,2.0,,,T,1.00114.03.–23.03.
Forsa,BerlinerZeitung,02.03.2016,21.0,29.0,17.0,4.0,14.0,7.0,5.0,berlin,,,3.0,,,T,1.00315.02.–25.02.
Infratestdimap,"RBB, BerlinerMorgenpost",25.02.2016,21.0,25.0,19.0,4.0,16.0,10.0,5.0,berlin,,,,,,T,1.00418.02.–23.02.
Forsa,BerlinerZeitung,02.02.2016,20.0,29.0,18.0,3.0,15.0,7.0,5.0,berlin,,,3.0,,,T,1.00218.01.–28.01.
Forsa,BerlinerZeitung,21.12.2015,23.0,29.0,17.0,4.0,14.0,5.0,5.0,berlin,,,3.0,,,T,1.00507.12.–17.12.
Forsa,BerlinerZeitung,30.11.2015,22.0,30.0,18.0,3.0,15.0,4.0,5.0,berlin,,,3.0,,,T,1.00116.11.–26.11.
Infratestdimap,"RBB, BerlinerMorgenpost",20.11.2015,23.0,27.0,17.0,3.0,14.0,9.0,5.0,berlin,,,2.0,,,T,1.00012.11.–16.11.
Forsa,BerlinerZeitung,02.11.2015,22.0,29.0,16.0,4.0,17.0,3.0,5.0,berlin,,,4.0,,,T,1.00319.10.–29.10.
Forsa,BerlinerZeitung,30.09.2015,23.0,29.0,18.0,2.0,15.0,3.0,7.0,berlin,,,3.0,,,T,1.00114.09.–24.09.
Forsa,BerlinerZeitung,01.09.2015,23.0,29.0,18.0,,16.0,2.0,8.0,berlin,,,4.0,,,T,1.00617.08.–27.08.
Forsa,BerlinerZeitung,05.08.2015,24.0,29.0,17.0,,15.0,3.0,9.0,berlin,,,3.0,,,T,1.00321.07.–30.07.
Forsa,BerlinerZeitung,29.06.2015,24.0,27.0,17.0,,16.0,4.0,8.0,berlin,,,4.0,,,T,1.00115.06.–24.06.
Forsa,BerlinerZeitung,05.06.2015,24.0,28.0,16.0,,15.0,4.0,8.0,berlin,,,5.0,,,T,1.00522.05.–28.05.
Forsa,BerlinerZeitung,04.05.2015,25.0,29.0,16.0,,14.0,4.0,8.0,berlin,,,4.0,,,T,1.00517.04.–29.04.
Forsa,BerlinerZeitung,30.03.2015,23.0,29.0,17.0,,15.0,4.0,8.0,berlin,,,4.0,,,T,1.00218.03.–26.03.
Infratestdimap,"RBB, BerlinerMorgenpost",25.03.2015,26.0,28.0,18.0,,14.0,5.0,6.0,berlin,,,3.0,,,T,1.00120.03.–24.03.
Forsa,BerlinerZeitung,28.02.2015,25.0,29.0,18.0,4.0,13.0,4.0,4.0,berlin,,,3.0,,,T,1.00216.02.–26.02.
Forsa,BerlinerZeitung,02.02.2015,26.0,27.0,18.0,3.0,14.0,5.0,4.0,berlin,,,3.0,,,T,1.00319.01.–29.01.
Forsa,BerlinerZeitung,04.12.2014,27.0,27.0,19.0,,13.0,4.0,7.0,berlin,,,3.0,,,T,1.00917.11.–27.11.
Forsa,BerlinerZeitung,01.11.2014,26.0,26.0,19.0,,15.0,5.0,6.0,berlin,,,3.0,,,T,1.003??.10.–??.10.
Infratestdimap,"RBB, BerlinerMorgenpost",22.10.2014,26.0,27.0,17.0,,16.0,7.0,4.0,berlin,,,3.0,,,T,1.00120.10.–21.10.
Forsa,BerlinerZeitung,22.09.2014,27.0,25.0,18.0,,14.0,7.0,6.0,berlin,,,3.0,,,T,1.00708.09.–18.09.
Forsa,BerlinerZeitung,30.08.2014,29.0,24.0,19.0,,14.0,4.0,6.0,berlin,,,4.0,,,T,1.00319.08.–28.08.
Forsa,BerlinerZeitung,04.08.2014,28.0,21.0,21.0,,15.0,4.0,7.0,berlin,,,4.0,,,T,1.00321.07.–31.07.
Forsa,BerlinerZeitung,30.06.2014,28.0,23.0,19.0,,15.0,4.0,7.0,berlin,,,4.0,,,T,1.00316.06.–26.06.
Forsa,BerlinerZeitung,30.05.2014,26.0,21.0,19.0,,15.0,6.0,7.0,berlin,,,6.0,,,T,1.00820.05.–28.05.
Infratestdimap,"RBB, BerlinerMorgenpost",14.05.2014,28.0,24.0,16.0,,18.0,4.0,6.0,berlin,,,4.0,,,T,1.00108.05.–12.05.
Forsa,BerlinerZeitung,05.05.2014,30.0,23.0,16.0,,15.0,5.0,6.0,berlin,,,5.0,,,T,1.00222.04.–30.04.
Forsa,BerlinerZeitung,01.04.2014,29.0,23.0,16.0,,18.0,3.0,7.0,berlin,,,4.0,,,T,1.00217.03.–27.03.
Forsa,BerlinerZeitung,05.03.2014,27.0,23.0,18.0,,17.0,4.0,7.0,berlin,,,4.0,,,T,1.003??.02.–??.02.
Infratestdimap,"RBB, BerlinerMorgenpost",08.02.2014,26.0,26.0,18.0,,14.0,5.0,7.0,berlin,,,4.0,,,T,80007.02.
Forsa,BerlinerZeitung,04.02.2014,25.0,26.0,18.0,,15.0,4.0,8.0,berlin,,,4.0,,,T,1.00620.01.–29.01.
Infratestdimap,"RBB, BerlinerMorgenpost",11.12.2013,29.0,26.0,16.0,,17.0,4.0,5.0,berlin,,,3.0,,,T,1.00006.12.–09.12.
Forsa,BerlinerZeitung,02.01.2014,27.0,26.0,17.0,,15.0,4.0,6.0,berlin,,,5.0,,,T,1.003??.12.–??.12.
Forsa,BerlinerZeitung,05.12.2013,28.0,26.0,17.0,,15.0,4.0,6.0,berlin,,,4.0,,,T,1.00118.11.–28.11.
Forsa,BerlinerZeitung,04.11.2013,27.0,27.0,16.0,,16.0,5.0,6.0,berlin,,,3.0,,,T,1.00221.10.–31.10.
Forsa,BerlinerZeitung,01.10.2013,28.0,26.0,19.0,,14.0,4.0,6.0,berlin,,,3.0,,,T,1.00317.09.–26.09.
Infratestdimap,"RBB, BerlinerMorgenpost",11.09.2013,26.0,29.0,18.0,2.0,14.0,2.0,4.0,berlin,,,5.0,,,T,1.75205.09.–09.09.
Forsa,BerlinerZeitung,30.08.2013,27.0,25.0,21.0,,12.0,4.0,6.0,berlin,,,5.0,,,T,1.00120.08.–29.08.
Forsa,BerlinerZeitung,31.07.2013,28.0,26.0,22.0,,11.0,,10.0,berlin,,,3.0,,,T,1.00516.07.–25.07.
Forsa,BerlinerZeitung,01.07.2013,26.0,27.0,22.0,,12.0,,9.0,berlin,,,4.0,,,T,1.00419.06.–27.06.
Infratestdimap,"RBB, BerlinerMorgenpost",12.06.2013,29.0,26.0,22.0,2.0,11.0,,6.0,berlin,,,4.0,,,T,1.00007.06.–10.06.
Forsa,BerlinerZeitung,01.06.2013,26.0,26.0,21.0,,12.0,,11.0,berlin,,,4.0,,,T,1.00421.05.–30.05.
Forsa,BerlinerZeitung,30.04.2013,28.0,24.0,21.0,,12.0,,10.0,berlin,,,5.0,,,T,1.00416.04.–25.04.
Infratestdimap,"RBB, BerlinerMorgenpost",17.04.2013,28.0,24.0,21.0,2.0,13.0,,7.0,berlin,,,5.0,,,T,1.00112.04.–15.04.
Forsa,BerlinerZeitung,25.03.2013,27.0,25.0,24.0,,10.0,,9.0,berlin,,,5.0,,,T,1.00612.03.–21.03.
Forsa,BerlinerZeitung,04.03.2013,29.0,24.0,24.0,,10.0,,7.0,berlin,,,6.0,,,T,1.00220.02.–28.02.
Forsa,BerlinerZeitung,03.02.2013,26.0,25.0,25.0,,10.0,,7.0,berlin,,,7.0,,,T,1.00721.01.–30.01.
Forsa,BerlinerZeitung,28.12.2012,27.0,24.0,22.0,,12.0,,9.0,berlin,,,6.0,,,T,1.00410.12.–20.12.
Infratestdimap,"RBB, BerlinerMorgenpost",05.12.2012,26.0,25.0,20.0,2.0,14.0,,6.0,berlin,,,7.0,,,T,1.00030.11.–03.12.
Forsa,BerlinerZeitung,30.11.2012,26.0,26.0,22.0,,11.0,,8.0,berlin,,,7.0,,,T,1.00816.11.–29.11.
Forsa,BerlinerZeitung,29.10.2012,27.0,26.0,19.0,,10.0,,8.0,berlin,,,10.0,,,T,1.00217.10.–25.10.
Forsa,BerlinerZeitung,30.09.2012,26.0,26.0,19.0,,10.0,,9.0,berlin,,,10.0,,,T,1.00418.09.–27.09.
Infratestdimap,"RBB, BerlinerMorgenpost",19.09.2012,26.0,27.0,19.0,2.0,12.0,,6.0,berlin,,,8.0,,,T,1.00014.09.–17.09.
Forsa,BerlinerZeitung,27.08.2012,24.0,24.0,20.0,,10.0,,8.0,berlin,,,14.0,,,T,1.00713.08.–23.08.
Forsa,BerlinerZeitung,27.07.2012,26.0,25.0,18.0,,10.0,,8.0,berlin,,,13.0,,,T,1.00417.07.–26.07.
Forsa,BerlinerZeitung,02.07.2012,24.0,26.0,18.0,,11.0,,9.0,berlin,,,12.0,,,T,1.00118.06.–28.06.
Infratestdimap,"RBB, BerlinerMorgenpost",13.06.2012,25.0,31.0,17.0,2.0,10.0,,5.0,berlin,,,10.0,,,T,1.00008.06.–11.06.
Forsa,BerlinerZeitung,28.05.2012,22.0,27.0,18.0,,10.0,,8.0,berlin,,,15.0,,,T,1.00314.05.–24.05.
Forsa,BerlinerZeitung,03.05.2012,23.0,28.0,16.0,,10.0,,8.0,berlin,,,15.0,,,T,1.00517.04.–26.04.
Infratestdimap,"RBB, BerlinerMorgenpost",18.04.2012,25.0,29.0,16.0,1.0,10.0,,5.0,berlin,,,14.0,,,T,1.00013.04.–16.04.
Forsa,BerlinerZeitung,02.04.2012,24.0,29.0,15.0,,11.0,,8.0,berlin,,,13.0,,,T,1.00820.03.–29.03.
Forsa,BerlinerZeitung,28.02.2012,23.0,29.0,15.0,,10.0,,10.0,berlin,,,13.0,,,T,1.00523.02.–24.02.
Forsa,BerlinerZeitung,30.01.2012,22.0,29.0,16.0,,10.0,,9.0,berlin,,,14.0,,,T,1.00216.01.–26.01.
Forsa,BerlinerZeitung,30.12.2011,24.0,28.0,16.0,1.0,11.0,,9.0,berlin,,,11.0,,,T,???.12.–??.12.
Infratestdimap,"RBB, BerlinerMorgenpost",07.12.2011,25.0,32.0,16.0,2.0,11.0,,5.0,berlin,,,9.0,,,T,1.00002.12.–05.12.
Forsa,BerlinerZeitung,28.11.2011,24.0,31.0,14.0,1.0,11.0,,9.0,berlin,,,10.0,,,T,1.00515.11.–24.11.
Forsa,BerlinerZeitung,31.10.2011,24.0,29.0,15.0,2.0,11.0,,8.0,berlin,,,11.0,,,T,1.00418.10.–27.10.
Forsa,BerlinerZeitung,05.10.2011,24.0,29.0,15.0,2.0,11.0,,9.0,berlin,,,10.0,,,T,1.00820.09.–28.09.
Forsa,MärkischeAllgemeine,10.11.2017,22.0,25.0,6.0,5.0,18.0,18.0,6.0,brandenburg,,,,,,T,1.00207.11.–09.11.
Infratestdimap,RBB,21.06.2017,25.0,28.0,6.0,3.0,18.0,15.0,5.0,brandenburg,,,,,,T,1.00015.06.–19.06.
Forsa,MärkischeAllgemeine,18.01.2017,21.0,30.0,7.0,4.0,15.0,18.0,5.0,brandenburg,,,,,,T,1.00309.01.–13.01.
Infratestdimap,"RBB, MärkischeOderzeitung",30.11.2016,25.0,30.0,6.0,,17.0,16.0,6.0,brandenburg,,,,,,T,1.00024.11.–28.11.
Forsa,MärkischeAllgemeine,30.09.2016,17.0,30.0,6.0,4.0,17.0,20.0,6.0,brandenburg,,,,,,T,1.00120.09.–26.09.
Infratestdimap,"RBB, MärkischeOderzeitung",25.05.2016,23.0,29.0,6.0,,17.0,20.0,5.0,brandenburg,,,,,,T,1.00219.05.–23.05.
Forsa,MärkischeAllgemeine,19.03.2016,19.0,31.0,7.0,3.0,16.0,19.0,5.0,brandenburg,,,,,,T,1.00314.03.–17.03.
Forsa,MärkischeAllgemeine,04.01.2016,21.0,36.0,6.0,,18.0,11.0,8.0,brandenburg,,,,,,T,1.00209.12.–17.12.
Infratestdimap,"RBB, MärkischeOderzeitung",18.11.2015,23.0,33.0,6.0,,19.0,13.0,6.0,brandenburg,,,,,,T,1.00012.11.–16.11.
Forsa,MärkischeAllgemeine,19.09.2015,24.0,35.0,7.0,,20.0,7.0,7.0,brandenburg,,,,,,T,1.002??.09.–??.09.
Infratestdimap,"RBB, MärkischeOderzeitung",11.02.2015,25.0,34.0,5.0,,19.0,10.0,7.0,brandenburg,,,,,,T,1.00005.02.–08.02.
Forsa,MärkischeAllgemeine,04.01.2015,22.0,34.0,8.0,,19.0,8.0,9.0,brandenburg,,,,,,T,1.001??.12.–??.12.
Forschungs-gruppe Wahlen,ZDF,11.09.2014,24.0,32.5,5.5,,20.0,9.5,8.5,brandenburg,,,,,,T,1.06210.09.–11.09.
Infratestdimap,"RBB, MärkischeOderzeitung",04.09.2014,24.0,31.0,6.0,2.0,22.0,9.0,6.0,brandenburg,,,,,,T,1.00302.09.–04.09.
Forschungs-gruppe Wahlen,ZDF,04.09.2014,25.0,33.0,6.0,,21.0,8.0,7.0,brandenburg,,,,,,T,1.01201.09.–03.09.
Infratestdimap,"RBB, MärkischeOderzeitung",27.08.2014,27.0,33.0,5.0,2.0,21.0,6.0,6.0,brandenburg,,,,,,T,1.00122.08.–26.08.
Forsa,MärkischeAllgemeine,23.08.2014,23.0,34.0,6.0,3.0,22.0,6.0,6.0,brandenburg,,,,,,T,1.00211.08.–18.08.
Infratestdimap,"RBB, MärkischeOderzeitung",04.06.2014,28.0,30.0,6.0,2.0,23.0,6.0,5.0,brandenburg,,,,,,T,1.00130.05.–02.06.
Forsa,MärkischeAllgemeine,05.01.2014,23.0,34.0,5.0,4.0,25.0,4.0,5.0,brandenburg,,,,,,T,1.00111.12.–19.12.
Infratestdimap,"RBB, MärkischeOderzeitung",04.12.2013,30.0,32.0,6.0,2.0,22.0,3.0,5.0,brandenburg,,,,,,T,1.00028.11.-02.12.
Infratestdimap,"RBB, MärkischeOderzeitung",28.08.2013,30.0,33.0,6.0,3.0,20.0,3.0,5.0,brandenburg,,,,,,T,1.00223.08.-26.08.
GMS,CDU-Landesverband,26.08.2013,27.0,35.0,10.0,3.0,20.0,,5.0,brandenburg,,,,,,T,1.00612.08.–16.08.
Infratestdimap,"RBB, MärkischeOderzeitung",29.05.2013,27.0,35.0,9.0,2.0,21.0,,6.0,brandenburg,,,,,,T,1.00124.05.-27.05.
Forsa,MärkischeAllgemeine,02.01.2013,22.0,36.0,7.0,3.0,24.0,,6.0,brandenburg,,,2.0,,,T,75817.12.–19.12.
Infratestdimap,"RBB, MärkischeAllgemeine",20.09.2012,23.0,39.0,7.0,2.0,22.0,,3.0,brandenburg,,,4.0,,,T,1.00017.09.–19.09.
Infratestdimap,"RBB, MärkischeAllgemeine",21.03.2012,21.0,37.0,7.0,3.0,22.0,,4.0,brandenburg,,,6.0,,,T,1.00016.03.–20.03.
InfratestPolitik-forschung,SPD-Landesverband,07.03.2012,23.0,38.0,7.0,2.0,21.0,,4.0,brandenburg,,,5.0,,,T,1.00113.02.–26.02.
Infratestdimap,"RBB, MärkischeAllgemeine",13.12.2011,25.0,35.0,8.0,3.0,20.0,,5.0,brandenburg,,,4.0,,,T,1.00406.12.–11.12.
Infratestdimap,"RBB, MärkischeAllgemeine",24.08.2011,22.0,35.0,11.0,3.0,22.0,,5.0,brandenburg,,,2.0,,,T,1.00318.08.–22.08.
InfratestPolitik-forschung,SPD-Landesverband,10.03.2011,24.0,35.0,8.0,3.0,24.0,,6.0,brandenburg,,,,,,T,1.00028.02.–06.03.
Infratestdimap,"RBB, MärkischeAllgemeine",22.09.2010,21.0,31.0,12.0,4.0,26.0,,6.0,brandenburg,,,,,,T,1.00016.09.–20.09.
InfratestPolitik-forschung,SPD-Landesverband,01.04.2010,21.0,34.0,8.0,5.0,28.0,,4.0,brandenburg,,,,,,T,1.00015.03.–24.03.
Infratestdimap,"RBB, MärkischeAllgemeine",10.02.2010,22.0,31.0,8.0,6.0,27.0,,6.0,brandenburg,,,,,,T,1.00204.02.–08.02.
Infratestdimap,"RBB, Antenne Brandenburg",09.04.2019,20.0,22.0,12.0,5.0,16.0,19.0,6.0,brandenburg,,,,,,T,1.00002.04.–06.04.
pmg – policymatters,SPD-LV,10.01.2019,21.0,23.0,10.0,3.0,18.0,21.0,4.0,brandenburg,,,,,,T,1.00619.11.–06.12.
Forsa,MärkischeAllgemeine,01.01.2019,19.0,20.0,12.0,5.0,17.0,20.0,7.0,brandenburg,,,,,,T,1.00517.12.–20.12.
Infratestdimap,"RBB, Antenne Brandenburg",19.09.2018,21.0,23.0,7.0,5.0,17.0,23.0,4.0,brandenburg,,,,,,T,1.00012.09.–17.09.
Infratestdimap,"RBB, Antenne Brandenburg",18.04.2018,23.0,23.0,7.0,4.0,17.0,22.0,4.0,brandenburg,,,,,,T,1.00011.04.–16.04.
Infratestdimap,RBB,14.11.2017,22.0,23.0,6.0,7.0,17.0,20.0,5.0,brandenburg,,,,,,T,1.00507.11.–11.11.
Infratestdimap,Radio Bremen,07.05.2019,26.0,25.0,18.0,6.0,12.0,8.0,5.0,bremen,,,,,,T,1.00025.04.–02.05.
Infratestdimap,Weser-Kurier,07.02.2019,25.0,24.0,18.0,6.0,13.0,8.0,6.0,bremen,,,,,,T,1.00024.01.–30.01.
FGWTelefonfeld*,CDU-LV,10.09.2018,26.0,26.0,20.0,7.0,12.0,6.0,3.0,bremen,,,,,,T,1.01520.08.–23.08.
pollytix,SPD-Landes-organisation,03.08.2018,24.0,28.0,14.0,10.0,14.0,8.0,2.0,bremen,,,,,,T,1.00022.06.–02.07.
INSA,BILD,28.05.2018,24.0,22.0,14.0,9.0,17.0,10.0,4.0,bremen,,,,,,T,1.00314.05.–18.05.
Infratestdimap,Weser-Kurier,01.05.2018,24.0,26.0,14.0,7.0,15.0,9.0,5.0,bremen,,,,,,T,1.00213.04.–18.04.
Infratestdimap,Radio Bremen,19.01.2017,24.0,29.0,13.0,8.0,11.0,11.0,4.0,bremen,,,,,,T,1.00309.01.–14.01.
Infratestdimap,Weser-Kurier,10.05.2016,22.0,29.0,16.0,7.0,10.0,11.0,5.0,bremen,,,,,,T,1.00026.04.–02.05.
FGWTelefonfeld*,CDU-LV,26.06.2014,28.0,40.0,16.0,,8.0,3.0,5.0,bremen,,,,,,T,1.00231.03.–09.04.
pmg – policymatters,Körber-Stiftung,25.06.2020,13.0,39.0,23.0,5.0,10.0,6.0,4.0,hamburg,,,,,,O,1.02002.06.–11.06.
Forschungs-gruppe Wahlen,ZDF,20.02.2020,12.0,39.0,24.0,5.0,8.5,6.0,5.5,hamburg,,,,,,T,1.18419.02.–20.02.
UniversitätHamburg,UniversitätHamburg,19.02.2020,12.0,34.0,32.0,6.0,7.0,5.0,5.0,hamburg,,,,,,T,1.00402.01.–14.02.
INSA,BILD,18.02.2020,13.0,38.0,23.0,5.0,8.0,7.0,6.0,hamburg,,,,,,TOM,1.00612.02.–17.02.
Forschungs-gruppe Wahlen,ZDF,14.02.2020,13.0,37.0,25.0,4.5,8.0,7.0,5.5,hamburg,,,,,,T,1.12811.02.–13.02.
Infratestdimap,ARD,13.02.2020,14.0,38.0,23.0,5.0,8.0,6.0,6.0,hamburg,,,,,,T,1.00310.02.–12.02.
Trend ResearchHamburg,Radio Hamburg,10.02.2020,14.0,33.0,24.0,7.0,10.0,7.0,5.0,hamburg,,,,,,O,67524.01.–29.01.
Infratestdimap,NDR,06.02.2020,14.0,34.0,27.0,5.0,8.0,7.0,5.0,hamburg,,,,,,T,1.00030.01.–04.02.
Infratestdimap,NDR,23.01.2020,16.0,32.0,27.0,6.0,8.0,7.0,4.0,hamburg,,,,,,T,1.00216.01.–21.01.
Infratestdimap,NDR,09.01.2020,15.0,29.0,29.0,7.0,9.0,7.0,4.0,hamburg,,,,,,T,1.00002.01.–07.01.
Trend ResearchHamburg,Radio Hamburg,09.01.2020,13.0,32.0,23.0,8.0,13.0,8.0,4.0,hamburg,,,,,,O,67827.12.–31.12.
Forsa,HamburgerAbendblatt,06.01.2020,16.0,29.0,26.0,7.0,10.0,7.0,5.0,hamburg,,,,,,T,1.00918.12.–02.01.
Infratestdimap,NDR,17.12.2019,17.0,28.0,26.0,6.0,11.0,7.0,5.0,hamburg,,,,,,T,1.00411.12.–16.12.
Trend ResearchHamburg,Radio Hamburg,18.11.2019,13.0,32.0,23.0,7.0,12.0,8.0,4.0,hamburg,,,,,,O,65205.11.–10.11.
INSA,BILD,12.11.2019,17.0,25.0,26.0,8.0,12.0,8.0,4.0,hamburg,,,,,,TOM,1.02023.10.–04.11.
Trend ResearchHamburg,HamburgZwei,17.09.2019,14.0,28.0,28.0,6.0,11.0,9.0,4.0,hamburg,,,,,,O,61806.09.–11.09.
pmg – policymatters,"DIE ZEIT,Körber-Stiftung",29.05.2019,16.0,30.0,22.0,9.0,11.0,10.0,2.0,hamburg,,,,,,O,1.00206.05.–16.05.
UniversitätHamburg,UniversitätHamburg,20.03.2019,15.0,35.0,29.0,6.0,9.0,4.0,3.0,hamburg,,,,,,T,1.06906.01.–02.03.
Infratestdimap,NDR,25.02.2019,17.0,31.0,22.0,8.0,10.0,8.0,4.0,hamburg,,,,,,T,1.00518.02.–21.02.
Forsa,HamburgerAbendblatt,07.01.2019,14.0,30.0,24.0,9.0,11.0,7.0,5.0,hamburg,,,,,,T,1.00427.12.–03.01.
Forsa,"DIE WELT,BILD",16.04.2018,16.0,36.0,18.0,7.0,12.0,7.0,4.0,hamburg,,,,,,T,1.00119.03.–04.04.
pmg – policymatters,DIE ZEIT,07.03.2018,22.0,28.0,15.0,8.0,14.0,10.0,3.0,hamburg,,,,,,O,1.02523.02.–02.03.
UniversitätHamburg,UniversitätHamburg,24.11.2016,18.0,48.0,16.0,5.0,8.0,4.0,2.0,hamburg,,,,,,T,1.00408.09.–17.11.
Infratestdimap,NDR,07.04.2016,18.0,39.0,15.0,6.0,11.0,8.0,3.0,hamburg,,,,,,T,1.00031.03.–05.04.
Trend ResearchHamburg,Radio Hamburg,21.01.2016,14.0,37.0,13.0,8.0,10.0,13.0,5.0,hamburg,,,,,,O,75914.01.–18.01.
Forschungs-gruppe Wahlen,ZDF,12.02.2015,17.0,47.0,12.0,6.0,8.5,5.0,4.5,hamburg,,,,,,T,1.11311.02.–12.02.
Forschungs-gruppe Wahlen,ZDF,06.02.2015,19.0,45.0,11.0,6.0,9.5,5.0,4.5,hamburg,,,,,,T,1.17603.02.–05.02.
Infratestdimap,ARD,05.02.2015,18.0,46.0,11.0,5.5,9.0,5.5,5.0,hamburg,,,,,,T,1.00103.02.–04.02.
Infratestdimap,NDR,29.01.2015,20.0,44.0,13.0,5.0,9.0,6.0,3.0,hamburg,,,,,,T,1.00023.01.–27.01.
UniversitätHamburg,UniversitätHamburg,10.02.2015,22.6,44.6,14.9,2.8,9.1,2.9,3.2,hamburg,,,,,,T,23505.01.–21.01.
INSA,BILD,14.01.2015,23.0,42.0,14.0,4.0,7.0,6.0,4.0,hamburg,,,,,,T,1.00007.01.–13.01.
Infratestdimap,NDR,14.01.2015,22.0,43.0,14.0,4.0,8.0,5.0,4.0,hamburg,,,,,,T,1.00009.01.–12.01.
UniversitätHamburg,UniversitätHamburg,10.02.2015,20.6,39.7,21.8,2.8,8.9,3.2,3.0,hamburg,,,,,,T,51105.11.–23.12.
Infratestdimap,NDR,11.12.2014,24.0,43.0,14.0,2.0,9.0,4.0,4.0,hamburg,,,,,,T,1.00505.12.–09.12.
GESSPhone & Field,"HamburgerAbendblatt, WELT",08.11.2014,27.0,45.0,11.0,2.0,7.0,4.0,4.0,hamburg,,,,,,T,1.00224.10.–03.11.
mafo.de,HamburgerMorgenpost,09.05.2014,22.6,38.5,13.7,2.9,7.8,5.8,8.7,hamburg,,,,,,O,500??.0?.–??.0?.
GESSPhone & Field,"HamburgerAbendblatt, WELT",15.02.2014,24.0,48.0,11.0,3.0,8.0,,,hamburg,,,,,,T,1.00327.01.–04.02.
Infratestdimap,NDR,15.01.2014,25.0,42.0,13.0,5.0,9.0,3.0,3.0,hamburg,,,,,,T,1.00009.01.–13.01.
UniversitätHamburg,UniversitätHamburg,26.06.2013,21.0,43.0,18.0,4.0,8.0,,2.0,hamburg,,,4.0,,,T,63608.05.–24.06.
GESSPhone & Field,HamburgerAbendblatt,09.02.2013,23.0,51.0,13.0,2.0,4.0,,5.0,hamburg,,,2.0,,,T,1.00329.01.–04.02.
GESSPhone & Field,HamburgerAbendblatt,19.02.2012,21.0,52.0,12.0,2.0,6.0,,,hamburg,,,4.0,,,T,1.00607.02.–14.02.
Infratestdimap,NDR,19.01.2012,20.0,51.0,14.0,3.0,4.0,,3.0,hamburg,,,5.0,,,T,1.00013.01.–18.01.
YouGov,HamburgerMorgenpost,07.12.2011,21.0,44.0,13.0,3.0,7.0,,3.0,hamburg,,,9.0,,,O,1.03121.11.–02.12.
Psephos,HamburgerAbendblatt,13.06.2011,20.0,47.0,14.0,7.0,7.0,,5.0,hamburg,,,,,,T,1.00301.06.–09.06.
Infratestdimap,SWR,10.03.2022,26.0,34.0,11.0,9.0,,7.0,8.0,rheinland-pfalz,,5.0,,,,TOM,1.15804.03.–08.03.
Infratestdimap,SWR,25.11.2021,21.0,34.0,12.0,11.0,,8.0,8.0,rheinland-pfalz,,6.0,,,,TOM,1.17219.11.–23.11.
Infratestdimap,SWR,09.09.2021,23.0,40.0,9.0,6.0,3.0,8.0,6.0,rheinland-pfalz,,5.0,,,,TOM,1.16002.09.–07.09.
Infratestdimap,SWR,15.07.2021,24.0,38.0,9.0,6.0,3.0,8.0,6.0,rheinland-pfalz,,6.0,,,,TOM,1.15309.07.–13.07.
INSA,BILD,12.03.2021,29.0,32.0,10.0,7.0,3.0,10.0,5.0,rheinland-pfalz,,4.0,,,,TOM,1.35411.03.–12.03.
Forschungs-gruppe Wahlen,ZDF,11.03.2021,29.0,33.0,10.0,6.5,3.0,9.0,4.5,rheinland-pfalz,,5.0,,,,T,1.73508.03.–11.03.
INSA,BILD,09.03.2021,30.0,30.0,12.0,6.0,3.0,10.0,5.0,rheinland-pfalz,,4.0,,,,TOM,1.50101.03.–08.03.
Forschungs-gruppe Wahlen,ZDF,05.03.2021,29.0,33.0,11.0,7.0,3.0,9.0,4.0,rheinland-pfalz,,4.0,,,,T,99801.03.–04.03.
Infratestdimap,ARD,04.03.2021,28.0,30.0,12.0,9.0,3.0,9.0,4.0,rheinland-pfalz,,5.0,,,,TOM,1.18601.03.–03.03.
Infratestdimap,SWR,25.02.2021,31.0,30.0,12.0,7.0,3.0,9.0,4.0,rheinland-pfalz,,4.0,,,,T,1.00019.02.–23.02.
INSA,BILD,23.02.2021,33.0,31.0,12.0,6.0,3.0,9.0,3.0,rheinland-pfalz,,3.0,,,,TOM,1.30415.02.–22.02.
Forschungs-gruppe Wahlen,ZDF,05.02.2021,33.0,31.0,13.0,5.0,4.0,7.0,7.0,rheinland-pfalz,,,,,,T,1.02201.02.–04.02.
INSA,BILD,23.01.2021,33.0,30.0,14.0,6.0,3.0,9.0,2.0,rheinland-pfalz,,3.0,,,,TOM,1.00613.01.–19.01.
Infratestdimap,SWR,14.01.2021,33.0,28.0,15.0,6.0,3.0,8.0,7.0,rheinland-pfalz,,,,,,T,1.00108.01.–12.01.
Infratestdimap,SWR,10.12.2020,34.0,28.0,15.0,5.0,3.0,9.0,6.0,rheinland-pfalz,,,,,,T,1.00204.12.–08.12.
INSA,BILD,21.10.2020,33.0,27.0,14.0,5.0,5.0,10.0,3.0,rheinland-pfalz,,3.0,,,,TOM,1.01313.10.–20.10.
Infratestdimap,SWR,10.09.2020,34.0,26.0,17.0,6.0,4.0,9.0,4.0,rheinland-pfalz,,,,,,T,1.00504.09.–08.09.
Infratestdimap,SWR,23.04.2020,38.0,27.0,13.0,6.0,4.0,8.0,4.0,rheinland-pfalz,,,,,,T,1.00320.04.–21.04.
INSA,BILD,15.04.2020,30.0,24.0,19.0,5.0,5.0,12.0,5.0,rheinland-pfalz,,,,,,TOM,1.04516.03.–30.03.
Infratestdimap,SWR,05.03.2020,27.0,26.0,18.0,7.0,6.0,11.0,5.0,rheinland-pfalz,,,,,,T,1.00127.02.–03.03.
Infratestdimap,SWR,12.12.2019,30.0,26.0,16.0,7.0,4.0,13.0,4.0,rheinland-pfalz,,,,,,T,1.00205.12.–10.12.
INSA,BILD,18.09.2019,28.0,22.0,20.0,8.0,4.0,12.0,3.0,rheinland-pfalz,,3.0,,,,TOM,1.01209.09.–16.09.
Infratestdimap,SWR,12.09.2019,28.0,23.0,21.0,8.0,4.0,11.0,5.0,rheinland-pfalz,,,,,,T,1.00105.09.–09.09.
Infratestdimap,SWR,21.03.2019,31.0,24.0,14.0,10.0,6.0,11.0,4.0,rheinland-pfalz,,,,,,T,1.00014.03.–18.03.
Forsa,RTL/n-tv,11.02.2019,31.0,26.0,14.0,8.0,5.0,10.0,6.0,rheinland-pfalz,,,,,,T,1.00501.02.–08.02.
Infratestdimap,SWR,13.12.2018,31.0,24.0,16.0,7.0,4.0,13.0,5.0,rheinland-pfalz,,,,,,T,1.00110.12.–11.12.
Infratestdimap,SWR,18.10.2018,28.0,24.0,18.0,8.0,5.0,13.0,4.0,rheinland-pfalz,,,,,,T,1.00311.10.–15.10.
Infratestdimap,SWR,21.06.2018,31.0,29.0,11.0,7.0,5.0,13.0,4.0,rheinland-pfalz,,,,,,T,1.00414.06.–18.06.
Infratestdimap,SWR,08.03.2018,33.0,37.0,8.0,7.0,3.0,8.0,4.0,rheinland-pfalz,,,,,,T,1.00105.03.–07.03.
INSA,BILD,10.01.2018,34.0,33.0,7.0,7.0,5.0,10.0,4.0,rheinland-pfalz,,,,,,TOM,1.51702.01.–08.01.
Infratestdimap,SWR,14.12.2017,37.0,38.0,7.0,6.0,3.0,6.0,3.0,rheinland-pfalz,,,,,,T,1.00308.12.–12.12.
Infratestdimap,SWR,14.09.2017,36.0,36.0,6.0,6.0,4.0,8.0,4.0,rheinland-pfalz,,,,,,T,1.00107.09.–11.09.
GESSPhone & Field,Rheinpfalz,19.07.2017,37.0,33.0,7.0,6.0,3.0,8.0,4.0,rheinland-pfalz,,2.0,,,,T,1.00206.07.–17.07.
Infratestdimap,SWR,22.06.2017,37.0,32.0,7.0,7.0,5.0,8.0,4.0,rheinland-pfalz,,,,,,T,1.00014.06.–19.06.
Infratestdimap,SWR,09.03.2017,35.0,40.0,6.0,6.0,3.0,7.0,3.0,rheinland-pfalz,,,,,,T,1.00102.03.–06.03.
GESSPhone & Field,Rheinpfalz,23.12.2016,36.0,34.0,5.0,5.0,3.0,11.0,4.0,rheinland-pfalz,,2.0,,,,T,1.00209.12.–19.12.
Infratestdimap,SWR,15.12.2016,36.0,32.0,9.0,5.0,4.0,10.0,4.0,rheinland-pfalz,,,,,,T,1.00008.12.–12.12.
Infratestdimap,SWR,14.07.2016,33.0,33.0,7.0,8.0,4.0,10.0,5.0,rheinland-pfalz,,,,,,T,1.00408.07.–12.07.
GESSPhone & Field,Rheinpfalz,22.06.2016,31.0,36.0,6.0,6.0,3.0,12.0,3.0,rheinland-pfalz,,3.0,,,,T,1.00413.06.–20.06.
Infratestdimap,HessischerRundfunk,04.03.2022,27.0,24.0,20.0,9.0,5.0,7.0,8.0,hessen,,,,,,TOM,1.16928.02.–02.03.
Infratestdimap,HessischerRundfunk,25.02.2021,32.0,17.0,21.0,7.0,6.0,10.0,7.0,hessen,,,,,,T,1.00118.02.–23.02.
Infratestdimap,HessischerRundfunk,09.12.2020,34.0,19.0,22.0,7.0,5.0,8.0,5.0,hessen,,,,,,T,1.00301.12.–07.12.
INSA,BILD,03.11.2020,30.0,18.0,19.0,6.0,9.0,11.0,7.0,hessen,,,,,,O,1.01822.10.–29.10.
Infratestdimap,HessischerRundfunk,14.05.2020,36.0,18.0,20.0,7.0,4.0,10.0,5.0,hessen,,,,,,T,1.00512.05.–13.05.
Infratestdimap,HessischerRundfunk,17.02.2020,26.0,16.0,25.0,7.0,8.0,12.0,6.0,hessen,,,,,,T,1.00007.02.–13.02.
Infratestdimap,HessischerRundfunk,26.04.2019,27.0,19.0,21.0,9.0,6.0,13.0,5.0,hessen,,,,,,T,1.00116.04.–24.04.
ForschungsgruppeWahlen,ZDF,25.10.2018,28.0,20.0,20.0,8.0,8.0,12.0,4.0,hessen,,,,,,T,1.02524.10.–25.10.
Infratestdimap,ARD,18.10.2018,26.0,21.0,20.0,9.0,8.0,12.0,4.0,hessen,,,,,,T,1.00216.10.–17.10.
ForschungsgruppeWahlen,ZDF,18.10.2018,26.0,20.0,22.0,8.0,8.0,12.0,4.0,hessen,,,,,,T,1.03515.10.–17.10.
ForschungsgruppeWahlen,"FAZ, FFH",03.10.2018,29.0,23.0,18.0,6.0,8.0,13.0,3.0,hessen,,,,,,T,1.03824.09.–01.10.
Infratestdimap,HessischerRundfunk,24.09.2018,28.0,23.0,17.0,7.0,8.0,14.0,3.0,hessen,,,,,,T,1.00013.09.–19.09.
ForschungsgruppeWahlen,ZDF,21.09.2018,32.0,25.0,15.0,6.0,8.0,11.0,3.0,hessen,,,,,,T,1.03917.09.–19.09.
Infratestdimap,HessischerRundfunk,21.06.2018,31.0,22.0,14.0,7.0,7.0,15.0,4.0,hessen,,,,,,T,1.00314.06.–19.06.
ForschungsgruppeWahlen,"FAZ, FFH",12.06.2018,31.0,25.0,13.0,8.0,8.0,11.0,4.0,hessen,,,,,,T,1.04904.06.–11.06.
INSA,BILD,17.05.2018,33.0,24.0,13.0,7.0,8.0,11.0,4.0,hessen,,,,,,TOM,1.06709.05.–16.05.
ForschungsgruppeWahlen,"FAZ, FFH",22.03.2018,31.0,26.0,13.0,7.0,8.0,10.0,5.0,hessen,,,,,,T,1.01119.03.–21.03.
Allensbach,FDP-LV,02.03.2018,31.0,26.0,12.0,9.0,7.0,11.0,,hessen,,,,,,F,76019.12.–31.01.
Forsa,RTL/n-tv,25.02.2018,33.0,23.0,14.0,8.0,7.0,10.0,5.0,hessen,,,,,,T,1.03508.02.–22.02.
Infratestdimap,HessischerRundfunk,19.01.2018,31.0,25.0,13.0,8.0,8.0,12.0,3.0,hessen,,,,,,T,1.00609.01.–16.01.
Infratestdimap,HessischerRundfunk,12.01.2017,32.0,24.0,14.0,6.0,8.0,14.0,2.0,hessen,,,,,,T,1.00305.01.–10.01.
dimap,CDU LVHessen,24.08.2016,36.0,27.0,13.0,4.0,6.0,9.0,5.0,hessen,,,,,,T,1.00015.08.–22.08.
Forsa,FrankfurterNeue Presse,18.04.2016,33.0,27.0,11.0,7.0,6.0,10.0,6.0,hessen,,,,,,T,1.00401.04.–08.04.
Infratestdimap,HessischerRundfunk,20.01.2016,34.0,26.0,11.0,5.0,8.0,12.0,4.0,hessen,,,,,,T,1.00012.01.–16.01.
Forsa,"stern, FrankfurterNeue Presse",02.09.2015,38.0,28.0,13.0,5.0,5.0,4.0,7.0,hessen,,,,,,T,1.00917.08.–26.08.
dimap,CDU LVHessen,20.07.2015,41.0,27.0,14.0,6.0,6.0,2.0,4.0,hessen,,,,,,T,1.00306.07.–13.07.
dimap,CDU LVHessen,16.12.2014,38.0,27.0,16.0,2.0,7.0,5.0,5.0,hessen,,,,,,T,1.00010.12.–14.12.
Forsa,FrankfurterNeue Presse,14.03.2014,39.0,27.0,12.0,5.0,7.0,5.0,5.0,hessen,,,,,,T,1.00218.02.–27.02.
INSA,Nordkurier,29.04.2022,16.0,35.0,6.0,6.0,11.0,18.0,8.0,mecklenburg-vorpommern,,,,,,TOM,1.01825.04.–28.04.
Forsa,Ostsee-Zeitung,24.03.2022,16.0,34.0,7.0,5.0,12.0,16.0,10.0,mecklenburg-vorpommern,,,,,,T,1.00114.03.–18.03.
INSA,Nordkurier,14.02.2022,16.0,36.0,6.0,6.0,11.0,17.0,8.0,mecklenburg-vorpommern,,,,,,TOM,1.00031.01.–07.02.
INSA,Cicero,24.09.2021,13.0,40.0,7.0,5.0,11.0,17.0,7.0,mecklenburg-vorpommern,,,,,,TOM,1.05820.09.–24.09.
Forschungs-gruppe Wahlen,ZDF,23.09.2021,14.0,39.0,7.0,5.5,11.0,16.0,7.5,mecklenburg-vorpommern,,,,,,T,1.01520.09.–22.09.
Infratestdimap,ARD,17.09.2021,15.0,40.0,6.0,5.0,10.0,15.0,9.0,mecklenburg-vorpommern,,,,,,TOM,1.53313.09.–15.09.
INSA,Nordkurier,17.09.2021,12.0,40.0,7.0,6.0,11.0,18.0,6.0,mecklenburg-vorpommern,,,,,,TOM,1.06410.09.–16.09.
Forschungs-gruppe Wahlen,ZDF,17.09.2021,15.0,38.0,6.0,6.0,11.0,17.0,7.0,mecklenburg-vorpommern,,,,,,T,1.02813.09.–16.09.
Infratestdimap,"NDR, OZ,SVZ",09.09.2021,14.0,39.0,6.0,7.0,10.0,17.0,7.0,mecklenburg-vorpommern,,,,,,TOM,1.15302.09.–07.09.
Infratestdimap,"NDR, OZ,SVZ",26.08.2021,15.0,36.0,6.0,8.0,11.0,17.0,7.0,mecklenburg-vorpommern,,,,,,TOM,1.15319.08.–24.08.
INSA,Nordkurier,15.08.2021,18.0,28.0,8.0,7.0,14.0,17.0,8.0,mecklenburg-vorpommern,,,,,,TOM,1.00006.08.–12.08.
INSA,Nordkurier,25.07.2021,20.0,26.0,9.0,7.0,13.0,19.0,6.0,mecklenburg-vorpommern,,,,,,TOM,1.09816.07.–22.07.
Infratestdimap,"NDR, OZ,SVZ",15.07.2021,23.0,27.0,7.0,7.0,12.0,16.0,8.0,mecklenburg-vorpommern,,,,,,TOM,1.15908.07.–13.07.
Infratestdimap,"NDR, OZ,SVZ",20.05.2021,21.0,23.0,14.0,6.0,11.0,17.0,8.0,mecklenburg-vorpommern,,,,,,TOM,1.24512.05.–18.05.
Forsa,Ostsee-Zeitung,21.01.2021,24.0,26.0,10.0,3.0,16.0,14.0,7.0,mecklenburg-vorpommern,,,,,,T,1.00212.01.–15.01.
Infratestdimap,"NDR, OZ,SVZ",25.11.2020,27.0,27.0,10.0,3.0,12.0,15.0,6.0,mecklenburg-vorpommern,,,,,,T,1.00018.11.–21.11.
Infratestdimap,NDR,09.06.2020,29.0,24.0,10.0,4.0,13.0,15.0,5.0,mecklenburg-vorpommern,,,,,,T,1.00403.06.–06.06.
Forsa,Ostsee-Zeitung,16.01.2020,20.0,19.0,13.0,5.0,14.0,19.0,10.0,mecklenburg-vorpommern,,,,,,T,1.00202.01.–10.01.
Forsa,"NDR, Ostsee-Zeitung",27.09.2019,21.0,22.0,12.0,5.0,12.0,20.0,8.0,mecklenburg-vorpommern,,,,,,T,1.00218.09.–23.09.
Forsa,Ostsee-Zeitung,17.01.2019,22.0,22.0,10.0,4.0,16.0,18.0,8.0,mecklenburg-vorpommern,,,,,,T,1.00704.01.–11.01.
Forsa,SchwerinerVolkszeitung,30.06.2018,18.0,25.0,8.0,4.0,16.0,22.0,7.0,mecklenburg-vorpommern,,,,,,T,1.00224.05.–28.06.
Forsa,Ostsee-Zeitung,18.01.2018,20.0,28.0,5.0,5.0,15.0,19.0,8.0,mecklenburg-vorpommern,,,,,,T,1.00102.01.–11.01.
INSA,Nordkurier,23.07.2017,22.0,31.5,4.5,3.5,13.5,20.5,4.5,mecklenburg-vorpommern,,,,,,T,1.60830.06.–14.07.
Forsa,Ostsee-Zeitung,19.01.2017,21.0,32.0,4.0,4.0,13.0,18.0,8.0,mecklenburg-vorpommern,,,,,,T,1.00209.01.–16.01.
Forschungs-gruppe Wahlen,ZDF,01.09.2016,22.0,28.0,6.0,3.0,13.0,22.0,6.0,mecklenburg-vorpommern,,,,,,T,1.13331.08.–01.09.
INSA,Cicero,31.08.2016,20.0,28.0,6.0,2.0,15.0,23.0,4.0,mecklenburg-vorpommern,,,,2.0,,T,1.03129.08.
Forschungs-gruppe Wahlen,ZDF,26.08.2016,22.0,28.0,6.0,,13.0,21.0,7.0,mecklenburg-vorpommern,,,,3.0,,T,1.02023.08.–25.08.
Infratestdimap,ARD,25.08.2016,22.0,27.0,5.0,3.0,14.0,21.0,5.0,mecklenburg-vorpommern,,,,3.0,,T,1.00323.08.–24.08.
Infratestdimap,"NDR, NK,OZ, SVZ",18.08.2016,23.0,26.0,6.0,3.0,16.0,19.0,4.0,mecklenburg-vorpommern,,,,3.0,,T,1.00311.08.–16.08.
INSA,BILD,12.08.2016,23.0,24.0,6.0,3.0,19.0,19.0,3.0,mecklenburg-vorpommern,,,,3.0,,T,1.00002.08.–09.08.
Infratestdimap,"NDR, NK,OZ, SVZ",30.06.2016,25.0,22.0,7.0,3.0,17.0,19.0,3.0,mecklenburg-vorpommern,,,,4.0,,T,1.00223.06.–27.06.
Infratestdimap,"NDR, NK,OZ, SVZ",28.04.2016,24.0,22.0,8.0,4.0,16.0,18.0,4.0,mecklenburg-vorpommern,,,,4.0,,T,1.00021.04.–26.04.
INSA,BILD,16.02.2016,29.0,22.0,5.0,4.0,19.0,16.0,1.0,mecklenburg-vorpommern,,,,4.0,,T,1.00203.02.–09.02.
Marktforschungs-service Dukath,Ostsee-Zeitung,21.01.2016,27.2,28.4,9.5,8.0,20.1,5.5,0.2,mecklenburg-vorpommern,,,,1.3,,T,75006.01.–13.01.
Infratestdimap,"NDR, SVZ",07.05.2014,34.0,29.0,5.0,2.0,20.0,4.0,3.0,mecklenburg-vorpommern,,,,3.0,,T,1.00102.05.–05.05.
Emnid,"SVZ,Nordkurier",14.09.2013,28.0,31.0,8.0,2.0,19.0,,7.0,mecklenburg-vorpommern,,,,5.0,,T,75006.09.–10.09.
Emnid,"SVZ,Nordkurier",17.08.2013,28.0,32.0,8.0,2.0,20.0,,5.0,mecklenburg-vorpommern,,,,5.0,,T,75009.08.–13.08.
Forsa,NI-Tages-zeitungen,03.05.2022,26.0,33.0,19.0,7.0,3.0,6.0,6.0,niedersachsen,,,,,,O,2.01219.04.–26.04
Forsa,NI-Tages-zeitungen,30.03.2022,25.0,34.0,17.0,8.0,3.0,7.0,6.0,niedersachsen,,,,,,O,2.01015.03.–22.03
INSA,BILD,23.02.2022,26.0,34.0,14.0,11.0,4.0,7.0,4.0,niedersachsen,,,,,,O,1.00014.02.–21.02.
Infratestdimap,NDR,19.11.2021,23.0,36.0,16.0,10.0,3.0,7.0,5.0,niedersachsen,,,,,,TOM,1.16011.11.–16.11.
INSA,BILD,21.10.2021,19.0,39.0,13.0,12.0,5.0,7.0,5.0,niedersachsen,,,,,,O,1.00012.10.–18.10.
Allensbach,Drei-Quellen-Mediengruppe,20.10.2021,26.0,34.0,15.0,10.0,4.0,7.0,4.0,niedersachsen,,,,,,F,>1.10006.09.–01.10.
INSA,BILD,11.05.2021,26.0,29.0,20.0,9.0,5.0,7.0,4.0,niedersachsen,,,,,,O,1.00003.05.–10.05.
INSA,BILD,30.03.2021,26.0,30.0,18.0,9.0,4.0,7.0,6.0,niedersachsen,,,,,,O,1.05222.03.–29.03.
Allensbach,Drei-Quellen-Mediengruppe,11.03.2021,33.0,27.0,20.0,5.0,5.0,6.0,4.0,niedersachsen,,,,,,F,95003.02.–03.03.
INSA,BILD,08.11.2020,34.0,27.0,18.0,6.0,5.0,6.0,4.0,niedersachsen,,,,,,TOM,1.00226.10.–02.11.
Infratestdimap,NDR,15.10.2020,35.0,27.0,20.0,4.0,5.0,6.0,3.0,niedersachsen,,,,,,T,1.00406.10.–12.10.
Forsa,SPD-LV,04.06.2020,32.0,30.0,16.0,5.0,6.0,5.0,6.0,niedersachsen,,,,,,T,1.00219.05.–28.05.
Forsa,RTL/n-tv,11.02.2019,30.0,28.0,17.0,7.0,5.0,8.0,5.0,niedersachsen,,,,,,T,1.01001.02.–08.02.
Infratestdimap,NDR,22.11.2018,28.0,26.0,24.0,6.0,4.0,9.0,3.0,niedersachsen,,,,,,T,1.00615.11.–20.11.
INSA,BILD,21.11.2018,27.0,26.0,17.0,10.0,5.0,12.0,3.0,niedersachsen,,,,,,TOM,1.05307.11.–13.11.
Forsa,RTL/n-tv,25.02.2018,33.0,33.0,10.0,8.0,6.0,6.0,4.0,niedersachsen,,,,,,T,1.00408.02.–22.02.
Forschungs-gruppe Wahlen,ZDF,12.10.2017,33.0,34.5,9.0,9.0,5.0,7.0,2.5,niedersachsen,,,,,,T,1.00110.10.–11.10.
INSA,BILD,09.10.2017,32.0,33.0,10.0,10.0,5.0,7.0,3.0,niedersachsen,,,,,,T,1.00504.10.–06.10.
Forschungs-gruppe Wahlen,ZDF,05.10.2017,33.0,33.0,9.0,10.0,5.0,7.0,3.0,niedersachsen,,,,,,T,1.08302.10.–05.10.
Infratestdimap,ARD,05.10.2017,34.0,34.0,8.5,8.0,4.5,8.0,3.0,niedersachsen,,,,,,T,1.00202.10.–04.10.
Infratestdimap,NDR,28.09.2017,35.0,34.0,9.0,8.0,5.0,6.0,3.0,niedersachsen,,,,,,T,1.00426.09.–27.09.
Infratestdimap,NDR,07.09.2017,37.0,32.0,10.0,6.0,5.0,7.0,3.0,niedersachsen,,,,,,T,1.00130.08.–05.09.
dimap,CDU inNiedersachsen,30.08.2017,39.0,31.0,8.0,8.0,4.0,8.0,2.0,niedersachsen,,,,,,T,1.00318.08.–26.08.
Infratestdimap,NDR,10.08.2017,40.0,32.0,9.0,7.0,3.0,6.0,3.0,niedersachsen,,,,,,T,1.00308.08.–09.08.
INSA,BILD,09.08.2017,40.0,28.0,9.0,9.0,5.0,7.0,2.0,niedersachsen,,,,,,O,1.00009.08.
INSA,BILD,27.05.2017,41.0,27.0,8.0,9.0,5.0,6.0,4.0,niedersachsen,,,,,,T,1.00018.05.–23.05.
Forsa,SPD-LV,06.05.2017,35.0,36.0,8.0,6.0,4.0,6.0,5.0,niedersachsen,,,,,,T,1.00118.04.–28.04.
Infratestdimap,NDR,20.01.2017,35.0,31.0,14.0,6.0,4.0,8.0,2.0,niedersachsen,,,,,,T,1.00213.01.–18.01.
Forsa,SPD-LV,11.01.2017,34.0,32.0,12.0,6.0,4.0,7.0,5.0,niedersachsen,,,,,,T,1.00022.12.–09.01.
INSA,BILD,19.10.2016,33.0,31.0,12.0,8.0,5.0,7.0,4.0,niedersachsen,,,,,,T,1.00006.10.–14.10.
Forsa,SPD-LV,28.11.2015,35.0,33.0,14.0,6.0,4.0,4.0,4.0,niedersachsen,,,,,,T,1.00223.10.–20.11.
INSA,BILD,07.09.2015,37.0,29.0,14.0,6.0,6.0,3.0,5.0,niedersachsen,,,,,,T,1.00021.08.–02.09.
Infratestdimap,NDR,03.07.2015,40.0,31.0,14.0,5.0,5.0,2.0,3.0,niedersachsen,,,,,,T,1.00026.06.–01.07.
GMS,GMS,24.01.2015,41.0,30.0,14.0,3.0,4.0,4.0,4.0,niedersachsen,,,,,,T,1.01208.01.–13.01.
Infratestdimap,NDR,20.01.2014,40.0,32.0,13.0,4.0,5.0,3.0,3.0,niedersachsen,,,,,,T,1.00014.01.–16.01.
YouGov,YouGov,12.05.2022,31.0,28.0,15.0,10.0,4.0,7.0,5.0,nrw,,,,,,O,1.04606.05.–12.05.
Forschungs-gruppeWahlen,ZDF,12.05.2022,32.0,29.0,17.0,6.0,3.0,7.0,6.0,nrw,,,,,,T,2.25409.05.–12.05.
INSA,Bild,12.05.2022,32.0,28.0,16.0,8.0,3.0,7.0,6.0,nrw,,,,,,O,1.00009.05.–10.05.
INSA,Bild,10.05.2022,31.0,29.0,16.0,8.0,3.0,7.0,6.0,nrw,,,,,,O,1.00002.05.–09.05.
Forschungs-gruppeWahlen,ZDF,06.05.2022,30.0,28.0,18.0,7.0,3.0,7.0,7.0,nrw,,,,,,T,1.02603.05.–05.05.
Infratestdimap,WDR,05.05.2022,30.0,28.0,16.0,8.0,3.0,8.0,7.0,nrw,,,,,,TOM,1.53702.05.–04.05.
Forsa,NRW-Tages-zeitungen,04.05.2022,32.0,28.0,17.0,7.0,3.0,6.0,7.0,nrw,,,,,,O,2.00619.04.–26.04.
Infratestdimap,WDR,24.04.2022,31.0,30.0,16.0,8.0,3.0,7.0,5.0,nrw,,,,,,TOM,1.16419.04.–21.04.
INSA,BamS,17.04.2022,29.0,31.0,14.0,10.0,4.0,7.0,5.0,nrw,,,,,,O,1.00011.04.–13.04.
Forsa,NRW-Tages-zeitungen,13.04.2022,30.0,30.0,18.0,8.0,2.0,6.0,6.0,nrw,,,,,,TOM,1.82104.04.–11.04.
INSA,BILD,05.04.2022,28.0,30.0,15.0,10.0,4.0,7.0,6.0,nrw,,,,,,O,1.00028.03.–04.04.
Infratestdimap,WDR,03.04.2022,31.0,30.0,15.0,8.0,4.0,7.0,5.0,nrw,,,,,,TOM,1.18229.03.–31.03.
Forsa,NRW-Tages-zeitungen,16.03.2022,32.0,27.0,17.0,8.0,3.0,6.0,7.0,nrw,,,,,,O,2.00602.03.–09.03.
INSA,BILD,20.02.2022,27.0,29.0,14.0,12.0,4.0,8.0,6.0,nrw,,,,,,TOM,1.00015.02.–17.02.
Forsa,NRW-Tages-zeitungen,09.02.2022,29.0,27.0,18.0,9.0,4.0,7.0,6.0,nrw,,,,,,O,2.00626.01.–02.02.
INSA,BILD,03.02.2022,26.0,28.0,14.0,12.0,4.0,8.0,8.0,nrw,,,,,,O,2.00024.01.–02.02.
Infratestdimap,WDR,30.01.2022,28.0,28.0,17.0,10.0,3.0,8.0,6.0,nrw,,,,,,TOM,1.16024.01.–27.01.
Forsa,NRW-Tages-zeitungen,15.12.2021,27.0,27.0,17.0,12.0,4.0,7.0,6.0,nrw,,,,,,O,2.00926.11.–07.12.
Infratestdimap,WDR,24.10.2021,22.0,31.0,17.0,13.0,3.0,7.0,7.0,nrw,,,,,,TOM,1.17218.10.–21.10.
INSA,BILD,12.10.2021,20.0,33.0,13.0,15.0,4.0,8.0,7.0,nrw,,,,,,O,1.00004.10.–11.10.
Forsa,RTL/n-tv,19.05.2021,25.0,19.0,26.0,12.0,4.0,7.0,7.0,nrw,,,,,,T,1.05810.05.–17.05.
INSA,BILD,11.05.2021,25.0,20.0,26.0,11.0,4.5,9.0,4.5,nrw,,,,,,O,2.01403.05.–10.05.
Infratestdimap,WDR,11.04.2021,28.0,18.0,26.0,11.0,3.0,8.0,6.0,nrw,,,,,,TOM,1.19706.04.–08.04.
Infratestdimap,WDR,31.01.2021,37.0,17.0,24.0,8.0,3.0,6.0,5.0,nrw,,,,,,T,1.00025.01.–28.01.
INSA,BILD,31.10.2020,33.0,23.0,19.0,8.0,5.0,8.0,4.0,nrw,,,,,,O,1.00822.10.–28.10.
Infratestdimap,WDR,02.09.2020,34.0,21.0,22.0,7.0,4.0,7.0,5.0,nrw,,,,,,T,1.00224.08.–29.08.
Infratestdimap,WDR,14.06.2020,37.0,20.0,20.0,7.0,4.0,7.0,5.0,nrw,,,,,,T,1.00108.06.–09.06.
Infratestdimap,WDR,19.04.2020,40.0,19.0,20.0,7.0,4.0,6.0,4.0,nrw,,,,,,T,1.00314.04.–16.04.
Forsa,"KStA, Express",10.04.2020,39.0,20.0,15.0,8.0,6.0,6.0,6.0,nrw,,,,,,T,1.08406.04.–08.04.
Infratestdimap,WDR,03.11.2019,32.0,20.0,23.0,8.0,6.0,7.0,4.0,nrw,,,,,,T,1.00124.10.–29.10.
Mentefactum,RheinischePost,02.11.2019,31.0,20.0,21.0,10.0,5.0,10.0,4.0,nrw,,,,,,T,1.00314.10.–21.10.
Forsa,RTL/n-tv,17.08.2019,29.0,18.0,24.0,11.0,5.0,7.0,6.0,nrw,,,,,,T,1.50501.08.–16.08.
Infratestdimap,WDR,24.02.2019,30.0,23.0,17.0,12.0,6.0,9.0,3.0,nrw,,,,,,T,1.00119.02.–21.02.
Mentefactum,"RheinischePost, GA, AZV",25.11.2018,28.0,19.0,19.0,11.0,8.0,11.0,5.0,nrw,,,,,,T,1.00419.11.–21.11.
Infratestdimap,WDR,07.10.2018,28.0,21.0,17.0,11.0,8.0,12.0,3.0,nrw,,,,,,T,1.00004.10.–06.10.
YouGov,Sat.1 NRW,19.09.2018,31.0,24.0,10.0,10.0,7.0,13.0,5.0,nrw,,,,,,O,1.04906.09.–12.09.
Infratestdimap,WDR,13.05.2018,35.0,22.0,12.0,9.0,7.0,12.0,3.0,nrw,,,,,,T,1.00207.05.–08.05.
Forsa,RTL/n-tv,25.02.2018,34.0,24.0,10.0,12.0,7.0,7.0,6.0,nrw,,,,,,T,1.01508.02.–22.02.
Infratestdimap,WDR,14.01.2018,34.0,28.0,9.0,10.0,7.0,9.0,3.0,nrw,,,,,,T,1.00209.01.–11.01.
YouGov,Sat.1 NRW,12.09.2017,35.0,30.0,6.0,9.0,8.0,9.0,3.0,nrw,,,,,,O,1.04801.09.–08.09.
Infratestdimap,WDR,03.09.2017,33.0,30.0,6.0,13.0,6.0,8.0,4.0,nrw,,,,,,T,1.00029.08.–31.08.
Forschungs-gruppeWahlen,ZDF,11.05.2017,32.0,31.0,6.5,13.5,6.0,6.5,4.5,nrw,,,,,,T,2.40208.05.–11.05.
YouGov,Sat.1 NRW,11.05.2017,31.0,30.0,7.0,9.0,8.0,9.0,4.0,nrw,,,2.0,,,O,1.01708.05.–10.05.
INSA,BILD,09.05.2017,30.0,33.0,7.0,13.0,5.0,7.0,5.0,nrw,,,,,,T,1.13903.05.–08.05
Forschungs-gruppeWahlen,ZDF,05.05.2017,32.0,32.0,7.5,12.0,6.0,6.0,4.5,nrw,,,,,,T,1.03202.05.–04.05.
Infratestdimap,ARD,04.05.2017,31.0,32.0,7.0,13.0,5.0,8.0,4.0,nrw,,,,,,T,1.00002.05.–03.05.
Forsa,"KStA, Express",28.04.2017,29.0,35.0,6.0,12.0,6.0,7.0,5.0,nrw,,,,,,T,1.00320.04.–25.04
YouGov,Sat.1 NRW,25.04.2017,27.0,36.0,6.0,7.0,8.0,11.0,3.0,nrw,,,2.0,,,O,1.05112.04.–19.04.
Infratestdimap,WDR,23.04.2017,34.0,34.0,6.0,10.0,5.0,8.0,3.0,nrw,,,,,,T,1.00318.04.–20.04.
INSA,BILD,11.04.2017,28.0,37.0,6.0,10.0,5.0,10.0,4.0,nrw,,,,,,T,1.00030.03.–04.04
Infratestdimap,WDR,19.03.2017,30.0,37.0,6.0,9.0,5.0,9.0,4.0,nrw,,,,,,T,1.00114.03.–16.03.
Forsa,"KStA, RTL,stern",15.03.2017,26.0,40.0,6.0,11.0,5.0,7.0,5.0,nrw,,,,,,T,1.04020.02.–10.03
INSA,BILD,05.03.2017,27.0,38.0,7.0,10.0,4.0,11.0,3.0,nrw,,,,,,T,1.19922.02.–03.03
Infratestdimap,WDR,19.02.2017,30.0,37.0,7.0,7.0,6.0,10.0,3.0,nrw,,,,,,T,1.00214.02.–16.02.
Forschungs-gruppeWahlen,ZDF,10.02.2017,32.0,36.0,7.0,8.0,5.0,9.0,3.0,nrw,,,,,,T,1.11606.02.–08.02.
YouGov,Sat.1 NRW,27.01.2017,31.0,31.0,11.0,7.0,5.0,12.0,2.0,nrw,,,1.0,,,O,1.07213.01.–20.01.
Forsa,"KStA, RTL,stern",15.03.2017,29.0,35.0,8.0,9.0,6.0,8.0,5.0,nrw,,,,,,T,1.07209.01.–20.01.
Emnid,Bild amSonntag,21.01.2017,30.0,32.0,10.0,8.0,7.0,10.0,3.0,nrw,,,,,,T,1.07019.12.–18.01.
Infratestdimap,WDR,30.10.2016,32.0,32.0,12.0,7.0,5.0,9.0,3.0,nrw,,,,,,T,1.00225.10.–27.10.
YouGov,Sat.1 NRW,15.09.2016,28.0,34.0,10.0,9.0,5.0,11.0,,nrw,,,,,,O,1.02231.08.–07.09.
Mentefactum,RheinischePost,11.09.2016,27.0,31.0,11.0,8.0,5.0,13.0,3.0,nrw,,,,,,T,1.00430.08.–06.09.
Infratestdimap,WDR,22.05.2016,31.0,31.0,10.0,8.0,6.0,12.0,2.0,nrw,,,,,,T,1.00217.05.–20.05.
INSA,BILD,29.04.2016,32.0,29.0,13.0,7.5,5.5,9.0,4.0,nrw,,,,,,T,1.09721.04.–28.04
Infratestdimap,WDR,21.02.2016,33.0,31.0,9.0,7.0,7.0,10.0,3.0,nrw,,,,,,T,1.00216.02.–18.02.
Infratestdimap,WDR,13.12.2015,35.0,34.0,10.0,6.0,5.0,5.0,5.0,nrw,,,,,,T,1.00008.12.–10.12.
Forsa,"KStA,stern",02.12.2015,29.0,39.0,10.0,7.0,5.0,4.0,4.0,nrw,,,2.0,,,T,1.21108.11.–27.11
YouGov,Sat.1 NRW,26.11.2015,30.0,34.0,11.0,5.0,5.0,9.0,5.0,nrw,,,1.0,,,O,1.02211.11.–19.11
Infratestdimap,WDR,06.09.2015,36.0,34.0,11.0,5.0,6.0,3.0,5.0,nrw,,,,,,T,1.00101.09.–03.09.
Infratestdimap,WDR,21.06.2015,35.0,36.0,10.0,6.0,5.0,4.0,3.0,nrw,,,1.0,,,T,1.00016.06.–18.06.
Forsa,"KStA,stern",02.06.2015,32.0,36.0,11.0,9.0,4.0,3.0,5.0,nrw,,,,,,T,1.09718.05.–28.05
INSA,BILD,27.05.2015,38.0,34.0,12.0,6.0,6.0,2.0,1.0,nrw,,,1.0,,,T,50021.05.–22.05
YouGov,"KStA,Sat.1 NRW",18.12.2014,35.0,34.0,12.0,4.0,4.0,7.0,2.0,nrw,,,2.0,,,O,1.01503.12.–10.12
Infratestdimap,WDR,07.12.2014,36.0,35.0,10.0,5.0,5.0,5.0,3.0,nrw,,,1.0,,,T,1.00002.12.–04.12.
Forsa,KStA,14.11.2014,33.0,36.0,10.0,4.0,5.0,6.0,,nrw,,,2.0,,,T,1.08203.11.–10.11.
Forsa,KStA,02.09.2014,32.0,39.0,10.0,5.0,4.0,4.0,,nrw,,,3.0,,,T,1.50620.08.–29.08.
YouGov,KStA,20.05.2014,34.0,39.0,10.0,5.0,5.0,,,nrw,,,2.0,,,O,1.006??.??.–??.??
Infratestdimap,WDR,11.05.2014,36.0,37.0,10.0,5.0,5.0,3.0,2.0,nrw,,,2.0,,,T,1.00005.05.–08.05.
YouGov,Sat.1 NRW,11.12.2013,34.0,38.0,10.0,4.0,5.0,,,nrw,,,,,,O,1.05525.11.–01.12
Infratestdimap,WDR,08.12.2013,38.0,37.0,8.0,4.0,5.0,3.0,2.0,nrw,,,3.0,,,T,1.00003.12.–05.12.
YouGov,Sat.1 NRW,19.09.2013,35.0,38.0,11.0,4.0,4.0,,,nrw,,,2.0,,,O,1.05105.09.–16.09.
Infratestdimap,WDR,07.09.2013,36.0,40.0,9.0,4.0,4.0,2.0,2.0,nrw,,,3.0,,,T,1.00903.09.–05.09.
Infratestdimap,WDR,26.05.2013,35.0,39.0,14.0,4.0,3.0,,3.0,nrw,,,2.0,,,T,1.00121.05.–23.05.
YouGov,Sat.1 NRW,25.04.2013,31.0,42.0,12.0,6.0,3.0,,4.0,nrw,,,2.0,,,O,1.10412.04.–22.04.
Infratestdimap,WDR,16.12.2012,32.0,40.0,12.0,5.0,4.0,,3.0,nrw,,,4.0,,,T,1.00111.12.–14.12.
YouGov,"KStA,Sat.1 NRW",27.09.2012,30.0,39.0,13.0,5.0,4.0,,4.0,nrw,,,5.0,,,O,1.02004.09.–24.09.
YouGov,"KStA,Sat.1 NRW",13.06.2012,29.0,38.0,12.0,7.0,3.0,,,nrw,,,7.0,,,O,1.06101.06.–11.06.
Forschungs-gruppe Wahlen,ZDF,24.03.2022,28.0,41.0,5.5,5.0,4.0,6.5,10.0,saarland,,,,,,T,2.37521.03.–24.03.
INSA,BamS,19.03.2022,31.0,39.0,5.0,5.0,4.0,6.0,10.0,saarland,,,,,,TOM,1.00014.03.–17.03.
Forschungs-gruppe Wahlen,ZDF,18.03.2022,30.0,39.0,6.0,5.0,4.0,6.0,10.0,saarland,,,,,,T,1.02415.03.–17.03.
Infratestdimap,SR,16.02.2022,29.0,38.0,6.0,6.0,5.0,8.0,8.0,saarland,,,,,,TOM,1.17508.02.–12.02.
INSA,BILD,28.01.2022,30.0,35.0,8.0,6.0,7.0,7.0,7.0,saarland,,,,,,TOM,1.00217.01.–24.01.
Infratestdimap,SR,24.11.2021,28.0,33.0,8.0,8.0,6.0,9.0,8.0,saarland,,,,,,TOM,1.16516.11.–20.11.
INSA,BILD,21.07.2021,36.0,27.0,9.0,7.0,7.0,6.0,8.0,saarland,,,,,,TOM,1.04805.07.–19.07.
INSA,BILD,11.05.2021,31.0,21.0,15.0,7.0,14.0,6.0,6.0,saarland,,,,,,TOM,1.05203.05.–10.05.
Infratestdimap,SR,11.11.2020,40.0,22.0,12.0,3.0,11.0,8.0,4.0,saarland,,,,,,T,1.00002.11.–07.11.
INSA,BILD,10.12.2019,36.0,24.0,15.0,4.0,11.0,7.0,3.0,saarland,,,,,,T,1.00019.11.–02.12.
Infratestdimap,SR,08.05.2019,37.0,25.0,11.0,4.0,12.0,8.0,3.0,saarland,,,,,,T,1.00029.04.–06.05.
Infratestdimap,SR,21.06.2018,35.0,26.0,6.0,4.0,12.0,15.0,2.0,saarland,,,,,,T,1.00014.06.–19.06.
INSA,BILD,07.04.2022,25.0,12.0,9.0,7.0,9.0,28.0,7.0,sachsen,,3.0,,,,O,1.00001.04.–06.04.
Infratestdimap,MDR,24.02.2022,27.0,13.0,8.0,7.0,10.0,24.0,8.0,sachsen,,3.0,,,,TOM,1.17817.02.–22.02.
INSA,LVZ,17.09.2021,31.0,11.0,7.0,8.0,11.0,26.0,6.0,sachsen,,,,,,TOM,1.00006.09.–13.09.
Infratestdimap,MDR,20.08.2021,35.0,11.0,7.0,6.0,10.0,21.0,6.0,sachsen,,4.0,,,,TOM,1.17913.08.–18.08.
INSA,BILD,16.08.2021,34.0,8.0,7.0,8.0,13.0,25.0,5.0,sachsen,,,,,,TOM,1.00102.08.–09.08.
INSA,BILD,25.05.2021,24.0,6.0,13.0,12.0,11.0,26.0,8.0,sachsen,,,,,,TOM,1.00018.05.–25.05.
INSA,LVZ,04.01.2021,34.0,7.0,10.0,5.0,11.0,26.0,7.0,sachsen,,,,,,TOM,1.00801.12.–15.12.
INSA,LVZ,08.07.2020,36.0,7.0,10.0,4.0,11.0,26.0,6.0,sachsen,,,,,,TOM,1.02029.06.–02.07.
Forschungs-gruppe Wahlen,ZDF,29.08.2019,32.0,8.5,11.0,5.0,14.0,24.5,5.0,sachsen,,,,,,T,1.65726.08.–29.08.
INSA,BILD,27.08.2019,29.0,8.0,11.0,5.0,15.0,25.0,3.0,sachsen,,4.0,,,,TOM,1.01819.08.–26.08.
Forschungs-gruppe Wahlen,ZDF,23.08.2019,31.0,9.0,10.0,5.0,14.0,25.0,3.0,sachsen,,3.0,,,,T,1.06819.08.–22.08.
Infratestdimap,ARD,22.08.2019,30.0,7.0,11.0,5.0,16.0,24.0,3.0,sachsen,,4.0,,,,T,1.00219.08.–21.08.
FB Czaplicki,LeipzigerVolkszeitung,20.08.2019,28.0,8.0,13.0,5.0,16.0,26.0,1.0,sachsen,,3.0,,,,T,70008.08.–15.08.
INSA,BILD,06.08.2019,28.0,8.0,12.0,5.0,16.0,25.0,6.0,sachsen,,,,,,TOM,1.01122.07.–31.07.
Infratestdimap,MDR,02.07.2019,26.0,9.0,12.0,5.0,15.0,26.0,4.0,sachsen,,3.0,,,,T,1.00024.06.–29.06.
FB Czaplicki,LeipzigerVolkszeitung,15.06.2019,24.0,8.0,14.0,6.0,15.0,24.0,5.0,sachsen,,4.0,,,,T,70329.05.–04.06.
INSA,BILD,13.06.2019,24.0,7.0,16.0,6.0,16.0,25.0,2.0,sachsen,,4.0,,,,TOM,1.05704.06.–11.06.
INSA,BILD,26.04.2019,28.0,10.0,9.0,6.0,16.0,26.0,2.0,sachsen,,3.0,,,,TOM,1.00017.04.–24.04.
INSA,CDU-LV,05.04.2019,28.0,9.0,9.0,6.0,17.0,25.0,6.0,sachsen,,,,,,TOM,1.02807.03.–18.03.
FB Czaplicki,LeipzigerVolkszeitung,22.03.2019,27.0,11.0,16.0,5.0,17.0,18.0,4.0,sachsen,,2.0,,,,T,70304.03.–13.03.
INSA,BILD,20.12.2018,29.0,10.0,9.0,6.0,18.0,25.0,3.0,sachsen,,,,,,TOM,1.00010.12.–17.12.
IM Field,SächsischeZeitung,23.11.2018,29.0,11.0,8.0,6.0,17.0,24.0,5.0,sachsen,,,,,,T,1.00202.11.–14.11.
INSA,BILD,31.08.2018,28.0,11.0,7.0,7.0,18.0,25.0,2.0,sachsen,,2.0,,,,TOM,1.04027.08.–30.08.
Infratestdimap,MDR,28.08.2018,30.0,11.0,6.0,5.0,18.0,25.0,5.0,sachsen,,,,,,T,1.00020.08.–25.08.
INSA,BILD,12.06.2018,32.0,9.0,6.0,6.0,19.0,24.0,4.0,sachsen,,,,,,TOM,1.00904.06.–11.06.
IM Field,SächsischeZeitung,07.12.2017,33.0,12.0,4.0,7.0,18.0,23.0,3.0,sachsen,,,,,,T,1.00016.11.–02.12.
IM Field,SächsischeZeitung,31.10.2017,31.0,14.0,4.0,7.0,17.0,21.0,5.0,sachsen,,,,,,T,1.00523.10.–26.10.
Infratestdimap,MDR,22.06.2017,41.0,10.0,4.0,5.0,15.0,21.0,4.0,sachsen,,,,,,T,1.00012.06.–17.06.
Infratestdimap,MDR,22.11.2016,34.0,12.0,7.0,,16.0,25.0,6.0,sachsen,,,,,,T,1.00215.11.–19.11.
Infratestdimap,MDR,24.02.2022,33.0,16.0,6.0,5.0,11.0,20.0,9.0,sachsen-anhalt,,,,,,TOM,1.16117.02.–22.02.
INSA,BILD,26.05.2021,25.0,10.0,11.0,8.0,13.0,26.0,7.0,sachsen-anhalt,,,,,,TOM,1.00017.05.–23.05.
INSA,BILD,29.04.2021,26.0,10.0,12.0,6.0,13.0,24.0,9.0,sachsen-anhalt,,,,,,TOM,1.04220.04.–27.04.
Infratestdimap,MDR,23.04.2021,27.0,12.0,11.0,8.0,12.0,20.0,10.0,sachsen-anhalt,,,,,,TOM,1.20216.04.–21.04.
INSA,BILD,27.01.2021,30.0,10.0,9.0,5.0,16.0,23.0,7.0,sachsen-anhalt,,,,,,TOM,1.08419.01.–25.01.
INSA,BILD,02.12.2020,29.0,10.0,10.0,4.0,17.0,23.0,7.0,sachsen-anhalt,,,,,,TOM,1.07923.11.–30.11.
Infratestdimap,MDR,05.06.2020,34.0,13.0,8.0,4.0,16.0,19.0,6.0,sachsen-anhalt,,,,,,T,1.00328.05.–03.06.
INSA,BILD,20.03.2020,25.0,11.0,11.0,4.0,18.0,25.0,6.0,sachsen-anhalt,,,,,,TOM,1.00502.03.–16.03.
Infratestdimap,MDR,28.08.2018,28.0,14.0,6.0,8.0,19.0,21.0,4.0,sachsen-anhalt,,,,,,T,1.00021.08.–25.08.
CONOSCOPE,LzpB ST,22.05.2018,35.0,16.0,5.0,6.0,20.0,15.0,3.0,sachsen-anhalt,,,,,,T,1.10030.01.–08.03.
Infratestdimap,MDR,22.06.2017,40.0,13.0,6.0,5.0,20.0,13.0,3.0,sachsen-anhalt,,,,,,T,1.00012.06.–17.06.
Infratestdimap,MDR,22.11.2016,33.0,15.0,5.0,,18.0,22.0,7.0,sachsen-anhalt,,,,,,T,1.00015.11.–19.11.
Forschungs-gruppe Wahlen,ZDF,10.03.2016,32.0,14.0,5.0,4.5,21.0,18.0,5.5,sachsen-anhalt,,,,,,T,1.09607.03.–10.03.
Forsa,RTL,09.03.2016,30.0,17.0,5.0,5.0,20.0,18.0,5.0,sachsen-anhalt,,,,,,T,1.00102.03.–08.03.
INSA,BILD,07.03.2016,29.0,15.5,6.0,4.0,20.0,19.0,6.5,sachsen-anhalt,,,,,,T,1.00001.03.–05.03.
Forschungs-gruppe Wahlen,ZDF,04.03.2016,32.0,15.0,5.0,4.0,20.0,17.0,7.0,sachsen-anhalt,,,,,,T,1.02729.02.–03.03.
Infratestdimap,ARD,03.03.2016,31.0,15.0,5.5,4.5,21.0,19.0,4.0,sachsen-anhalt,,,,,,T,1.00129.02.–02.03.
INSA,BILD,28.02.2016,29.5,17.0,5.0,5.0,20.0,17.0,6.5,sachsen-anhalt,,,,,,T,1.00125.02.–27.02.
INSA,BILD,22.02.2016,30.0,16.0,5.0,4.0,21.0,17.0,7.0,sachsen-anhalt,,,,,,T,1.00019.02.–20.02.
Infratestdimap,MDR,17.02.2016,32.0,18.0,5.0,4.0,20.0,17.0,4.0,sachsen-anhalt,,,,,,T,1.00110.02.–13.02.
Forschungs-gruppe Wahlen,ZDF,14.01.2016,33.0,19.0,5.0,3.0,19.0,15.0,6.0,sachsen-anhalt,,,,,,T,1.00311.01.–13.01.
INSA,BILD,05.12.2015,35.0,15.5,6.0,3.0,23.0,13.5,4.0,sachsen-anhalt,,,,,,T,1.00425.11.–03.12.
Forschungs-gruppe Wahlen,ZDF,05.05.2022,38.0,18.0,18.0,8.0,,6.0,6.0,schleswig-holstein,,,,,6.0,T,1.70402.05.–05.05.
INSA,BILD,03.05.2022,36.0,20.0,16.0,9.0,3.0,6.0,5.0,schleswig-holstein,,,,,5.0,O,1.00025.04.–02.05.
Forschungs-gruppe Wahlen,ZDF,29.04.2022,38.0,19.0,17.0,7.0,3.0,6.0,5.0,schleswig-holstein,,,,,5.0,T,1.01125.04.–28.04.
Infratestdimap,ARD,28.04.2022,38.0,19.0,16.0,9.0,,5.0,8.0,schleswig-holstein,,,,,5.0,TOM,1.53025.04.–27.04.
Infratestdimap,NDR,21.04.2022,38.0,20.0,16.0,9.0,,6.0,7.0,schleswig-holstein,,,,,4.0,TOM,1.17213.04.–19.04.
Infratestdimap,NDR,31.03.2022,36.0,20.0,18.0,8.0,,6.0,8.0,schleswig-holstein,,,,,4.0,TOM,1.15824.03.–29.03.
Infratestdimap,NDR,10.03.2022,33.0,20.0,20.0,9.0,3.0,6.0,5.0,schleswig-holstein,,,,,4.0,TOM,1.16803.03.–08.03.
Infratestdimap,NDR,20.01.2022,28.0,23.0,20.0,10.0,3.0,7.0,5.0,schleswig-holstein,,,,,4.0,TOM,1.16713.01.–18.01.
Infratestdimap,NDR,28.05.2021,28.0,15.0,27.0,11.0,4.0,6.0,6.0,schleswig-holstein,,,,,3.0,TOM,1.22021.05.–26.05.
INSA,BILD,25.11.2020,33.0,20.0,24.0,8.0,3.0,6.0,3.0,schleswig-holstein,,,,,3.0,TOM,1.00216.11.–23.11.
INSA,BILD,28.01.2020,28.0,20.0,26.0,9.0,3.0,7.0,4.0,schleswig-holstein,,,,,3.0,TOM,1.00013.01.–20.01.
Infratestdimap,NDR,20.04.2018,34.0,22.0,18.0,8.0,6.0,6.0,3.0,schleswig-holstein,,,,,3.0,T,1.00212.04.–18.04.
Forschungs-gruppe Wahlen,ZDF,04.05.2017,32.0,29.0,12.0,11.0,4.5,6.0,2.5,schleswig-holstein,,,,,3.0,T,1.81402.05.–04.05.
INSA,BILD,29.04.2017,33.0,29.0,12.0,10.0,5.0,5.0,2.0,schleswig-holstein,,,,,4.0,T,1.00426.04.–28.04.
Infratestdimap,ARD,27.04.2017,32.0,31.0,12.0,8.5,4.5,6.0,3.0,schleswig-holstein,,,,,3.0,T,1.00325.04.–26.04.
Forschungs-gruppe Wahlen,ZDF,27.04.2017,32.0,30.0,12.0,9.0,5.0,6.0,3.0,schleswig-holstein,,,,,3.0,T,1.00124.04.–26.04.
Infratestdimap,NDR,20.04.2017,31.0,33.0,12.0,9.0,4.0,5.0,3.0,schleswig-holstein,,,,,3.0,T,1.00218.04.–19.04.
Infratestdimap,NDR,06.04.2017,30.0,33.0,12.0,9.0,4.0,7.0,2.0,schleswig-holstein,,,,,3.0,T,1.00230.03.–04.04.
Infratestdimap,NDR,16.03.2017,27.0,33.0,14.0,9.0,4.0,7.0,3.0,schleswig-holstein,,,,,3.0,T,1.00009.03.–14.03.
Infratestdimap,NDR,09.12.2016,34.0,26.0,15.0,9.0,5.0,6.0,2.0,schleswig-holstein,,,,,3.0,T,1.00102.12.–06.12.
INSA,BILD,19.10.2016,26.0,31.0,13.0,12.0,4.0,6.0,3.0,schleswig-holstein,,,1.0,,4.0,T,1.00006.10.–14.10.
Forsa,Lübecker undKieler Nachrichten,16.04.2016,28.0,28.0,16.0,9.0,3.0,9.0,2.0,schleswig-holstein,,,1.0,,4.0,T,1.00106.04.–12.04.
Infratestdimap,NDR,31.10.2014,34.0,29.0,15.0,3.0,5.0,7.0,2.0,schleswig-holstein,,,2.0,,3.0,T,1.00227.10.–29.10.
Infratestdimap,NDR,07.05.2013,34.0,31.0,15.0,6.0,3.0,,4.0,schleswig-holstein,,,3.0,,4.0,T,1.00302.05.–05.05.
INSA,"TA, OTZ, TLZ",16.04.2022,20.0,16.0,7.0,5.0,24.0,22.0,6.0,thueringen,,,,,,TOM,1.02704.04.–11.04.
INSA,"TA, OTZ, TLZ",09.03.2022,19.0,16.0,6.0,6.0,25.0,23.0,5.0,thueringen,,,,,,TOM,1.00001.03.–01.03.
Infratestdimap,MDR,24.02.2022,19.0,15.0,5.0,7.0,23.0,24.0,7.0,thueringen,,,,,,TOM,1.15817.02.–22.02.
INSA,"TA, OTZ, TLZ",02.12.2021,15.0,18.0,7.0,7.0,24.0,23.0,6.0,thueringen,,,,,,TOM,1.00024.11.–30.11.
INSA,"TA, OTZ, TLZ",04.10.2021,15.0,21.0,7.0,8.0,20.0,24.0,5.0,thueringen,,,,,,TOM,1.07429.09.–04.10.
Infratestdimap,MDR,27.07.2021,21.0,11.0,6.0,6.0,27.0,22.0,7.0,thueringen,,,,,,TOM,1.16220.07.–23.07.
INSA,"TA, OTZ, TLZ",16.07.2021,21.0,9.0,7.0,8.0,27.0,22.0,6.0,thueringen,,,,,,TOM,1.00609.07.–15.07.
INSA,"TA, OTZ, TLZ",17.06.2021,22.0,9.0,6.0,7.0,26.0,23.0,7.0,thueringen,,,,,,TOM,1.00607.06.–14.06.
INSA,"TA, OTZ, TLZ",18.03.2021,19.0,9.0,8.0,6.0,30.0,23.0,5.0,thueringen,,,,,,TOM,1.03608.03.–16.03.
Infratestdimap,MDR,02.03.2021,22.0,10.0,5.0,6.0,29.0,23.0,5.0,thueringen,,,,,,T,1.00025.02.–01.03.
INSA,"TA, OTZ, TLZ",04.02.2021,22.0,7.0,8.0,6.0,31.0,23.0,3.0,thueringen,,,,,,TOM,1.00027.01.–02.02.
INSA,"TA, OTZ, TLZ",06.11.2020,22.0,9.0,6.0,5.0,33.0,22.0,3.0,thueringen,,,,,,TOM,1.03202.11.–05.11.
INSA,"TA, OTZ, TLZ",15.10.2020,22.0,8.0,7.0,4.0,33.0,22.0,4.0,thueringen,,,,,,TOM,1.00405.10.–12.10.
INSA,"TA, OTZ, TLZ",04.09.2020,22.0,9.0,5.0,4.0,33.0,22.0,5.0,thueringen,,,,,,TOM,1.01224.08.–02.09.
Infratestdimap,MDR,06.08.2020,24.0,10.0,6.0,4.0,32.0,20.0,4.0,thueringen,,,,,,T,1.00030.07.–04.08.
INSA,"TA, OTZ, TLZ",30.07.2020,22.0,9.0,6.0,4.0,35.0,21.0,3.0,thueringen,,,,,,TOM,1.07220.07.–27.07.
INSA,"TA, OTZ, TLZ",25.06.2020,22.0,9.0,6.0,3.0,35.0,22.0,3.0,thueringen,,,,,,TOM,1.01615.06.–22.06.
INSA,"TA, OTZ, TLZ",21.05.2020,21.0,8.0,7.0,5.0,34.0,22.0,3.0,thueringen,,,,,,TOM,1.01014.05.–19.05.
INSA,"TA, OTZ, TLZ",02.04.2020,18.0,7.0,7.0,4.0,37.0,23.0,4.0,thueringen,,,,,,TOM,1.01825.03.–31.03.
INSA,"TA, OTZ, TLZ",12.03.2020,15.0,8.0,6.0,4.0,38.0,25.0,4.0,thueringen,,,,,,TOM,1.03405.03.–09.03.
INSA,"TA, OTZ, TLZ",14.02.2020,14.0,7.0,6.0,4.0,40.0,25.0,4.0,thueringen,,,,,,TOM,1.01410.02.–13.02.
Infratestdimap,MDR,10.02.2020,13.0,10.0,5.0,4.0,39.0,24.0,5.0,thueringen,,,,,,T,1.00707.02.–10.02.
Forsa,"RTL, ntv",07.02.2020,12.0,9.0,7.0,4.0,37.0,24.0,7.0,thueringen,,,,,,T,1.00306.02.
INSA,"TA, OTZ, TLZ",06.02.2020,19.0,6.0,6.0,7.0,34.0,23.0,5.0,thueringen,,,,,,TOM,1.00605.02.–06.02.
Infratestdimap,MDR,28.01.2020,19.0,8.0,6.0,6.0,32.0,24.0,5.0,thueringen,,,,,,T,1.00021.01.–25.01.
Forschungs-gruppeWahlen,ZDF,24.10.2019,26.0,9.0,7.0,5.0,28.0,21.0,4.0,thueringen,,,,,,T,1.17723.10.–24.10.
INSA,"TA, OTZ, TLZ",24.10.2019,24.0,9.0,8.0,5.0,28.0,24.0,2.0,thueringen,,,,,,TOM,1.01014.10.–21.10.
Infratestdimap,ARD,17.10.2019,24.0,8.0,7.0,4.0,29.0,24.0,4.0,thueringen,,,,,,T,1.01114.10.–16.10.
Forschungs-gruppeWahlen,ZDF,17.10.2019,26.0,9.0,8.0,5.0,27.0,20.0,5.0,thueringen,,,,,,T,1.00414.10.–16.10.
INSA,"TA, OTZ, TLZ",26.09.2019,23.0,9.0,9.0,4.0,29.0,24.0,2.0,thueringen,,,,,,TOM,1.01016.09.–23.09.
Infratestdimap,MDR,16.09.2019,22.0,7.0,8.0,5.0,28.0,25.0,5.0,thueringen,,,,,,T,1.00110.09.–14.09.
Infratestdimap,MDR,30.07.2019,21.0,8.0,11.0,5.0,25.0,24.0,6.0,thueringen,,,,,,T,1.00124.07.–29.07.
INSA,"TA, OTZ, TLZ",27.06.2019,26.0,10.0,10.0,5.0,24.0,20.0,5.0,thueringen,,,,,,TOM,1.00518.06.–24.06.
INSA,"TA, OTZ, TLZ",30.05.2019,26.0,11.0,8.0,5.0,25.0,20.0,5.0,thueringen,,,,,,TOM,1.02921.05.–24.05.
INSA,"TA, OTZ, TLZ",25.04.2019,27.0,10.0,7.0,6.0,25.0,19.0,6.0,thueringen,,,,,,TOM,1.00111.04.–22.04.
Infratestdimap,MDR,26.03.2019,28.0,11.0,8.0,5.0,24.0,20.0,4.0,thueringen,,,,,,T,1.00519.03.–23.03.
INSA,BILD,26.03.2019,27.0,10.0,8.0,5.0,24.0,20.0,6.0,thueringen,,,,,,TOM,1.00819.03.–25.03.
INSA,"TA, OTZ, TLZ",09.11.2018,23.0,12.0,12.0,6.0,22.0,22.0,3.0,thueringen,,,,,,T,1.00022.10.–07.11.
Infratestdimap,MDR,28.08.2018,30.0,10.0,6.0,5.0,22.0,23.0,4.0,thueringen,,,,,,T,1.00120.08.–25.08.
INSA,BILD,23.02.2018,32.0,10.0,7.0,5.0,24.0,18.0,4.0,thueringen,,,,,,T,1.26709.02.–19.02.
INSA,"TA, OTZ, TLZ",23.10.2017,31.0,13.0,4.0,7.0,20.0,20.0,5.0,thueringen,,,,,,T,1.00209.10.–13.10.
INSA,"TA, OTZ, TLZ",04.08.2017,37.0,11.0,4.0,5.0,22.0,18.0,3.0,thueringen,,,,,,T,1.00724.07.–28.07.
Infratestdimap,MDR,22.06.2017,37.0,10.0,5.0,4.0,27.0,13.0,4.0,thueringen,,,,,,T,1.00012.06.–17.06.
INSA,BILD,14.04.2017,33.0,15.0,5.0,4.0,22.0,19.0,2.0,thueringen,,,,,,T,1.00505.04.–11.04.
INSA,ThüringischeLandeszeitung,02.12.2016,31.0,13.0,6.0,4.0,23.0,20.0,3.0,thueringen,,,,,,T,1.00215.11.–25.11.
Infratestdimap,MDR,22.11.2016,32.0,12.0,6.0,3.0,23.0,21.0,3.0,thueringen,,,,,,T,1.00015.11.–19.11.
INSA,ThüringischeLandeszeitung,22.06.2016,31.5,11.5,7.0,3.5,26.0,17.5,3.0,thueringen,,,,,,T,1.00117.06.–21.06.
Infratestdimap,MDR,17.06.2016,32.0,11.0,7.0,,25.0,19.0,6.0,thueringen,,,,,,T,1.70110.06.–15.06.
INSA,ThüringischeLandeszeitung,20.04.2016,31.0,13.0,8.5,4.0,26.5,15.0,2.0,thueringen,,,,,,T,1.00004.04.–12.04.
INSA,ThüringischeLandeszeitung,15.01.2016,33.5,14.5,7.0,,27.0,13.5,4.5,thueringen,,,,,,T,1.00204.01.–11.01.
INSA,ThüringischeLandeszeitung,16.10.2015,35.5,15.5,6.5,,24.5,12.0,6.0,thueringen,,,,,,T,1.01707.10.–12.10.
INSA,ThüringischeLandeszeitung,01.04.2015,38.0,11.0,7.0,3.0,28.0,7.0,6.0,thueringen,,,,,,T,1.00423.03.–27.03.
INSA,ThüringischeLandeszeitung,03.02.2015,40.0,11.0,6.0,,29.0,10.0,4.0,thueringen,,,,,,T,1.00026.01.–02.02.
Forschungs-gruppeWahlen,ZDF,11.09.2014,36.0,16.0,5.5,,26.0,8.0,8.5,thueringen,,,,,,T,94910.09.–11.09.
Forschungs-gruppeWahlen,ZDF,04.09.2014,36.0,16.0,6.0,,26.0,8.0,8.0,thueringen,,,,,,T,1.00201.09.–03.09.
INSA,BILD,08.08.2014,34.0,19.0,6.0,4.0,26.0,5.0,6.0,thueringen,,,,,,T,50023.07.–01.08.
Infratestdimap,MDR,14.03.2014,38.0,17.0,6.0,2.0,28.0,5.0,4.0,thueringen,,,,,,T,1.00006.03.–10.03.
INSA,BILD,27.12.2013,35.0,18.0,7.0,2.0,27.0,5.0,,thueringen,,,,,,T,1.00219.11.–25.11.
INSA,ThüringerAllgemeine,09.11.2013,36.0,14.0,6.0,2.0,27.0,6.0,,thueringen,,,,,,T,1.00005.11.–08.11.
Infratestdimap,MDR,20.08.2013,43.0,20.0,7.0,2.0,20.0,,8.0,thueringen,,,,,,T,1.00209.08.–15.08.
Infratestdimap,MDR,05.07.2013,41.0,20.0,8.0,3.0,21.0,,4.0,thueringen,,,3.0,,,T,1.00027.06.–30.06.
Infratestdimap,MDR,18.05.2012,35.0,24.0,6.0,2.0,23.0,,4.0,thueringen,,,6.0,,,T,1.00010.05.–15.05.
IfM Leipzig,OsterländerVolkszeitung,13.08.2011,33.0,20.0,11.0,4.0,25.0,,7.0,thueringen,,,,,,T,1.00503.08.–08.08.
Infratestdimap,MDR,05.05.2010,32.0,21.0,6.0,5.0,29.0,,7.0,thueringen,,,,,,T,1.00028.04.–02.05.
